Layer,Name,GEOID,Population,Longitude,Latitude,HCSPAP_2023-2024,HCSPAP_2023-2024_moe95,HCSSP_2023-2024,HCSSP_2023-2024_moe95,CHANVYI_2023,CHANVYI_2023_moe95,INC_2020-2024,INC_2020-2024_moe95,PCI_2020-2024,PCI_2020-2024_moe95,EKR_2024,EKR_2024_moe95,HCSFVAP_2023-2024,HCSFVAP_2023-2024_moe95,HCSSMKP_2023-2024,HCSSMKP_2023-2024_moe95,HCSECP_2023-2024,HCSECP_2023-2024_moe95,CHAYJCO_2022-2024,CHAYJCO_2022-2024_moe95,HCSEC_2023-2024,HCSEC_2023-2024_moe95,CHAQHIB_2022-2024,CHAQHIB_2022-2024_moe95,LEQ_2020-2024,LEQ_2020-2024_moe95,POP_2020-2024,POP_2020-2024_moe95,HCSZKLF_2023-2024,HCSZKLF_2023-2024_moe95,TSD_2024,TSD_2024_moe95,CHM_2024,CHM_2024_moe95,EKG_2024,EKG_2024_moe95,TNF_2020-2024,TNF_2020-2024_moe95,HTA_2020-2024,HTA_2020-2024_moe95,CHADXHPR_2021,CHADXHPR_2021_moe95,CCR_2017-2021,CCR_2017-2021_moe95,CCP_2017-2021,CCP_2017-2021_moe95,CCG_2017-2021,CCG_2017-2021_moe95,CCC_2017-2021,CCC_2017-2021_moe95,CCO_2017-2021,CCO_2017-2021_moe95,HCSATHP_2023-2024,HCSATHP_2023-2024_moe95,HCSDIAP_2023-2024,HCSDIAP_2023-2024_moe95,HCSHYTP_2023-2024,HCSHYTP_2023-2024_moe95,HCSOBP_2023-2024,HCSOBP_2023-2024_moe95,CHAVQOS_2023-2024,CHAVQOS_2023-2024_moe95,HCSUMHAP_2023-2024,HCSUMHAP_2023-2024_moe95,MEODL_2023,MEODL_2023_moe95
(Indicator name),,,,,,"Adult physical inactivity rate (% of adults), 2023-2024",(95% margin of error),"Adult soda consumption rate (% of adults), 2023-2024",(95% margin of error),"Active business license rate (licenses per 1,000 residents as of October 24), 2023",(95% margin of error),"Median household income, 2020-2024",(95% margin of error),"Per capita income, 2020-2024",(95% margin of error),"Proximity to roads, railways, and airports index, 2024",(95% margin of error),"Easy access to fruits and vegetables rate (% of adults), 2023-2024",(95% margin of error),"Adult smoking rate (% of adults), 2023-2024",(95% margin of error),"Adult e-cigarette use rate (% of adults), 2023-2024",(95% margin of error),"Exclusive menthol use (count of adults), 2022-2024",(95% margin of error),"Adult e-cigarette use (count of adults), 2023-2024",(95% margin of error),"Any menthol use rate (% of adults), 2022-2024",(95% margin of error),"Limited English proficiency (% of residents), 2020-2024",(95% margin of error),"Population (residents), 2020-2024",(95% margin of error),"Disability (% of adults), 2023-2024",(95% margin of error),"Proximity to hazardous waste management sites (distance-weighted sites), 2024",(95% margin of error),"Proximity to potential chemical accidents (distance-weighted sites), 2024",(95% margin of error),"Green space proximity (% of area), 2024",(95% margin of error),"Public assistance income (cash welfare) (% of households), 2020-2024",(95% margin of error),"Single-parent households (% of households), 2020-2024",(95% margin of error),"COVID-19 hospitalization rates (rate per 100,000 population), 2021",(95% margin of error),"Cancer diagnosis rate (per 100,000 population), 2017-2021",(95% margin of error),"Prostate cancer diagnosis rate (per 100,000 male population), 2017-2021",(95% margin of error),"Lung cancer diagnosis rate (per 100,000 population), 2017-2021",(95% margin of error),"Cervical cancer diagnosis rate (per 100,000 female population), 2017-2021",(95% margin of error),"Colorectal cancer diagnosis rate (per 100,000 population), 2017-2021",(95% margin of error),"Adult asthma rate (% of adults), 2023-2024",(95% margin of error),"Adult diabetes rate (% of adults), 2023-2024",(95% margin of error),"Hypertension rate (% of adults), 2023-2024",(95% margin of error),"Adult obesity rate (% of adults), 2023-2024",(95% margin of error),"Adult loneliness rate (percent of adults), 2023-2024",(95% margin of error),"Unmet mental health treatment need among moderate or serious psychological distress rate (% of adults), 2023-2024",(95% margin of error),"Opioid-related overdose mortality (Chicago location) (count of deaths), 2023",(95% margin of error)
(Definition),,,,,,"Percent of adults who reported that they did not participate in any physical activities or exercises in the past month.",,"Percent of adults who drank soda or pop or other sweetened drinks like sweetened iced tea, sports drinks, fruit punch or other fruit-flavored drinks at least once per day in the past month.",,"Count of active business licenses per 1,000 residents",,"Income in the past 12 months.",,"Income in the past 12 months.",,"Percentile rank representing a place's proximity to airports, high-volume roads, and railways. Higher values indicate closer proximity",,"Percent of adults who reported that it is very easy for them to get fresh fruits and vegetables.",,"Percent of adults who report that they've smoked at least 100 cigarettes in their life and report that they now smoke cigarettes every day or some days.",,"Percent of adults who report that they have used electronic cigarettes in the past 30 days (2014-2018), or percent of adults who reported that they currently use electronic cigarettes 'Every day' or 'Some days' (2020-current)",,"Adult current smokers who reported using menthol cigarettes 'All of the time'",,"Number of adults who report that they have used electronic cigarettes in the past 30 days (2014-2018), or number of adults who reported that they currently use electronic cigarettes 'Every day' or 'Some days' (2020-current)",,"Adult current smokers who reported using menthol cigarettes 'All, most, or some of the time'",,"Percentage of residents 5 years and older who do not speak English 'very well'.",,"Average population over the time period.",,"Percent of adults with a disability, defined as one or more sensory disabilities or difficulties with everyday tasks, reported by Healthy Chicago Survey.",,"A measure of proximity to hazardous waste management sites, defined as the count of hazardous waste Treatment, Storage, and Disposal Facilities (TSDFs) within 5km (or the closest one further than 5km), each divided by distance in km. Higher values indicate closer proximity to major sites.",,"A measure of proximity to potential chemical accidents, defined as the count of proposed and listed RMP (potential chemical accident management plan) sites within 5km (or the closest one further than 5km), each divided by distance in km. Higher values indicate closer proximity to major sites.",,"Proportion of a geography's area within 1 mile of green space",,"Percent of households reporting public assistance income over the past 12 months. This includes general assistance and Temporary Aid to Needy Families (TANF), or cash public assistance. This excludes Supplemental Security Income (SSI) and noncash benefits such as food stamps.",,"Percentage of households that have children present and are headed by a single parent (mother or father), with no partner present.",,"Rate of hospitalizations among COVID-19 cases per 100,000 population",,"Annual diagnosis rate for all invasive cancers. Does not include pre-cancerous diagnoses such as breast cancer in situ or urinary cancer in situ. All ages, risk-adjusted.",,"Annual diagnosis rate for prostate cancer. Ages 15 and over, age-adjusted.",,"Annual diagnosis rate for lung and bronchus cancer. Ages 15 and over, risk-adjusted.",,"Annual diagnosis rate for cervical cancer. Ages 15 and over, age-adjusted.",,"Annual diagnosis rate for colorectal cancer. Ages 15 and over, risk-adjusted.",,"Percent of adults who reported that a doctor, nurse or other health professional has diagnosed them with asthma, and they currently have asthma.",,"Percent of adults who reported that a doctor, nurse or other health professional has diagnosed them with diabetes (excludes pre-diabetes or diabetes only during pregnancy).",,"Percent of adults who reported that a doctor, nurse or other health professional has diagnosed them with high blood pressure (excludes borderline high, pre-hypertensive or hypertension diagnosed only during pregnancy).",,"Percent of adults who reported a height and weight that yield a body mass index of 30 or greater.",,"Percent of adults who reported being lonely based on how often they felt they lacked companionship, felt left out, and felt alone",,"Estimated percent of adults aged 18 years and older who were classified as having moderate or serious psychological distress and reported that they are not currently taking medicine or receiving treatment from a doctor or other health professional for any mental health condition or emotional problem.",,"Total number of individuals who died from an opioid-related drug overdose at a location in Chicago, even if they did not reside in Chicago.",
(Citation),,,,,,"Chicago Department of Public Health - Healthy Chicago Survey (HCS)",,"Chicago Department of Public Health - Healthy Chicago Survey (HCS)",,"Chicago Data Portal",,"U.S. Census Bureau - American Community Survey (Table B19013)",,"U.S. Census Bureau - American Community Survey (Table B19301)",,"Agency for Toxic Substances and Disease Registry (ATSDR) - Environmental Justice Index",,"Chicago Department of Public Health - Healthy Chicago Survey (HCS)",,"Chicago Department of Public Health - Healthy Chicago Survey (HCS)",,"Chicago Department of Public Health - Healthy Chicago Survey (HCS)",,"Chicago Department of Public Health - Healthy Chicago Survey (HCS)",,"Chicago Department of Public Health - Healthy Chicago Survey (HCS)",,"Chicago Department of Public Health - Healthy Chicago Survey (HCS)",,"U.S. Census Bureau - American Community Survey (Table B16004)",,"U.S. Census Bureau - American Community Survey (ACS: Table B01001; Decennial Census: Table P012)",,"Chicago Department of Public Health - Healthy Chicago Survey (HCS)",,"Environmental Protection Agency - Environmental Justice Screening (EJScreen) (EJSCREEN (TSD))",,"Environmental Protection Agency - Environmental Justice Screening (EJScreen) (EJSCREEN)",,"Agency for Toxic Substances and Disease Registry (ATSDR) - Environmental Justice Index",,"U.S. Census Bureau - American Community Survey (Table B19057)",,"U.S. Census Bureau - American Community Survey (Table B11012)",,"Illinois Department of Public Health- Illinois Disease Surveillance System (IDSS), Illinois Department of Public Health - ESSENCE (National Syndromic Surveillance Program)",,"Illinois Department of Public Health - Illinois State Cancer Registry (ISCR) (Calculated by Metopio)",,"Illinois Department of Public Health - Illinois State Cancer Registry (ISCR) (Calculated by Metopio)",,"Illinois Department of Public Health - Illinois State Cancer Registry (ISCR) (Calculated by Metopio)",,"Illinois Department of Public Health - Illinois State Cancer Registry (ISCR) (Calculated by Metopio)",,"Illinois Department of Public Health - Illinois State Cancer Registry (ISCR) (Calculated by Metopio)",,"Chicago Department of Public Health - Healthy Chicago Survey (HCS)",,"Chicago Department of Public Health - Healthy Chicago Survey (HCS)",,"Chicago Department of Public Health - Healthy Chicago Survey (HCS)",,"Chicago Department of Public Health - Healthy Chicago Survey (HCS)",,"Chicago Department of Public Health - Healthy Chicago Survey (HCS)",,"Chicago Department of Public Health - Healthy Chicago Survey (HCS)",,"Cook County Medical Examiner",
---,---,---,---,---,---,---,---,---,---,---,---,---,---,---,---,---,---,---,---,---,---,---,---,---,---,---,---,---,---,---,---,---,---,---,---,---,---,---,---,---,---,---,---,---,---,---,---,---,---,---,---,---,---,---,---,---,---,---,---,---,---,---,---,---,---,---,---,---,---,---,---
Community area,Rogers Park,1,55454,-87.67017100,42.00963000,28.643760564,9.229960175016,17.926303322,8.992950869224,9.35910845,,63293.40698066556,7066.728222373276,40324.957268060825,4146.721808062272,72.07856878276883,,54.958366968,10.405380180636,12.813936759,7.621746309744,11.883884846,7.17628113496,,,6300.0,4052.3451821159997,,,16.137010439363735,3.035842484652575,54023.51404694976,,35.11633809,10.37498333424,4.005720120366298,,0.39185180216743853,,100.0,,3.975012879097688,1.7281200288604612,1.9707602608349992,1.217522276088792,362.1,,476.256279761974,29.131383376112687,106.22909974369875,19.5350030090028,47.6237106304965,9.431651952501998,9.902377079,5.556633720840097,53.89432722769821,10.004835864239999,8.6977029395,5.067389132063999,9.8117570164,5.115010345368,29.22630899,10.18223108658,29.621429724,9.667553833,44.047494927,10.540032304899999,59.786253011,13.752186964376,33.0,
Community area,Norwood Park,10,41069,-87.80345100,41.98524800,27.945806489,12.158924769376,13.714223733,8.9552160047,8.619640118,,114149.65984845998,13136.9831833698,52389.36930003792,4286.507573746054,72.07903651179812,,62.897489196,12.122652909612,4.9037303174,3.984634363752,,,,,,,,,10.056848506218385,2.482769388930964,42638.430864951515,,21.55232348,10.29397694388,5.351265540181489,,0.9644534992012832,,100.0,,2.384295231431931,1.556255968222603,3.7973242933636975,2.0546973297573032,482.3,,538.8719349561379,30.04932662311548,128.55434503393522,20.997413660697383,55.83786949501001,9.46418861223157,,,57.58844080284136,9.863021026068068,8.4420137744,6.333662648796,18.547609548,10.946323527104001,37.225356184,12.336342506235999,22.483415622,10.278978356892,21.562906446,11.107309857979999,61.737621904,23.54429212436,3.0,
Community area,Jefferson Park,11,26201,-87.77116500,41.97883600,23.675622839,13.748052326932,22.584667264,15.839295901044,11.1446128,,97374.54676004623,14891.629652401776,49676.47738960594,4391.707287467066,72.07992134844683,,62.561323243,13.108220506584,9.5521939476,7.437271434907999,,,,,,,69.84964699,23.1679474852,18.936546331622306,4.275707010602566,26634.542326773037,,16.02129695,10.89075162084,6.034319776857303,,0.7863116981309947,,100.0,,2.4340709897230264,2.8509308137573,3.7911610406646394,3.027322001882239,452.7,,524.499157603259,38.7900596059647,121.23003635333389,26.686274430263502,54.54173834,12.537471630800733,8.846148224729566,7.0885094810388685,47.98842668158319,11.696942885694446,,,15.319060187,11.883779079927999,27.840770422,10.676533311472001,29.114070578,12.89675736804,27.000548355,11.289182063516,55.338160313,23.6440282708,7.0,
Community area,Forest Glen,12,19579,-87.75835800,41.99393800,18.627435973,10.0546675971,12.503235934,9.82166994816,10.82792788,,139311.02517710617,23577.940681622465,70943.73852893911,12503.798294983824,68.44779046073684,,81.818429394,11.062626045716,,,,,,,,,,,9.381928417507499,3.439472175421313,19886.375072714927,,16.40522283,11.37232128256,5.879652648963279,,0.6905577409505506,,100.0,,2.6871359366073775,2.938117650752537,3.4845753906861803,2.8098534976102174,448.0,,541.3233195512408,45.0923731503636,125.8822231267118,30.221998039021056,53.27387652552317,13.908791774460608,9.901626089283596,8.89510943636,60.356530466735066,14.74918838344,10.185759312,9.492863153703999,9.6872780549,7.116497679284,42.536637517,14.436142680064,23.222620709,11.958046631412,8.7430955823,7.36540036876,66.271608748,29.65966235624,0.0,
Community area,North Park,13,17522,-87.72357800,41.98365100,16.404830071,10.066540354528,27.362185536,18.390309991592,13.58292432,,68716.37674567565,20719.841837784934,38549.46020346622,6353.905608667473,43.65519498562752,,58.808186724,16.848437904088,8.4915725884,6.243928417244,,,,,,,,,20.166315869275213,5.063401935057808,18307.61022482388,,14.07909087,8.336050220119999,5.654139324608308,,0.5585296617019238,,100.0,,4.037321587861438,3.4117375961929097,6.672817303171222,5.0504457733807495,376.7,,497.139892973297,44.85432287335466,104.02633017469748,28.989491137970884,49.01897530989741,13.57345346110396,,,49.30333486593663,13.974950365542227,6.4878012916,5.808946749732,17.796202994,13.575696395716,45.934451848,17.488866382540003,27.881574183,16.860863348587998,30.247027564,15.698225217387998,81.271934216,14.973254417828,1.0,
Community area,Albany Park,14,48549,-87.72155800,41.96807800,28.683943453,10.741102141056,8.6769470699,6.549856875128,13.90347896,,87083.51175687861,11989.997461458426,43335.090602962984,3932.3270737516336,65.0197682605714,,45.420301434,11.831317347135998,10.688439261,9.252198776408,12.224172801,9.875096946456,,,5200.0,4574.889965855999,76.9444206,21.518256312000002,29.562341383948667,4.445528549722832,45707.82125877903,,24.78956346,9.5526572512,4.37749233831466,,0.6707215302352193,,100.00000000000001,,2.7182228947756846,1.3830420185389385,4.430268419553294,1.955340741616414,273.4,,428.1751780326261,29.598389428501104,98.10810864382177,20.720123145805207,37.42161718,9.074113658607992,13.505650014914458,7.034444844062962,46.877602342851326,9.89607984965121,16.048566167,8.668259040868001,19.044144132,9.266837171452,24.838327881,10.659130772920001,29.571025639,11.38401100382,35.628542427,12.124383709367999,74.192390033,12.670486814636,3.0,
Community area,Portage Park,15,63038,-87.76340100,41.95404300,32.011371734,10.809315894048,24.55545173,12.434787233371999,10.88232495,,92328.88122555522,10045.002935001892,43196.382563801606,3131.4467834205875,61.09309415409089,,57.629882109,11.124886887688,4.4233576458,3.2973778928160002,,,,,,,67.12278759,25.7255125204,20.173689198744945,2.649827490111124,63049.27293122433,,21.90667411,9.42005861188,4.64618284819278,,1.0956555571869506,,99.99999999999999,,2.648854973284644,1.2593198392140668,5.735185091845352,2.260062502696441,469.8,,505.0334803379957,25.96160368933887,102.46859884604932,17.06534717021303,66.24884712718136,9.552471549696211,10.51162930011094,5.0145694966251275,45.87916421685247,7.799975595876283,7.6146497707,4.883256445984,12.996586823,6.675852874599999,37.389612954,10.419904485256,46.674159207,11.152294762112,25.152022299,9.641029643000001,74.406871409,14.505549745343998,10.0,
Community area,Irving Park,16,51911,-87.72345700,41.95358900,28.72429838,10.561470247664,17.200077227,10.140767355964,14.6404423,,93122.02124928293,11222.38828123577,54919.94076035927,5851.891065069217,72.06738275114799,,58.175022104,11.028485905863999,7.9630651491,5.64864410488,,,,,,,,,14.850692710837034,2.5833158669743854,53301.720432851886,,21.58453252,9.3451271788,5.153116118538376,,1.1116174172840376,,99.99999999999999,,3.388020156528721,1.3758572162343323,5.692251194339644,2.2829185830233483,296.6,,468.9398800742909,29.23669253486056,89.82029909538679,18.591754086913706,52.630941962995934,10.21660535736714,11.125236419227576,5.9969887423228405,50.34939026175564,9.584948720476817,9.8254642079,5.6292248858719995,7.4838888764,5.378112539044,32.58162971,10.044259885772,29.290471157,10.271961120988,30.815175959,10.933290273864001,66.612207972,13.485314897488,10.0,
Community area,Dunning,17,43120,-87.80601500,41.94652200,29.319988833,11.130437029096,18.558337874,10.583916036147999,9.021335807,,88162.72773993322,10882.174881452627,43120.509380571755,3672.9141481896504,46.64687803130827,,67.508583052,11.311138265363999,3.2002258178,2.830447926404,,,,,,,,,20.10364950930022,2.960019265410373,41208.045989819395,,25.43081494,11.36555643664,5.650546291396292,,1.4997982514217,,100.0,,2.7596214805030232,1.5676329200031325,3.8464375027203768,1.9434742481205156,600.8,,513.2787557993022,29.324885751886782,101.77053687292076,18.706400833782517,59.79893759470468,9.950491502822736,8.714307442988977,5.418810613350272,56.05435297301723,9.686063880919999,5.2913554449,3.884853037548,25.882972086,11.642231467048001,40.385533743,12.120365082167998,36.964782465,11.985940070356001,20.905151801,9.719902452624,78.445974918,15.91603501096,10.0,
Community area,Montclare,18,14412,-87.79803300,41.92930600,40.862540481,14.939654592156,24.753011328,14.961992805844,8.60394116,,73308.6421283585,17845.0115889875,31233.73288468904,5088.675379649333,72.0765372053945,,58.235646678,14.972343410612,3.9004226755,3.703785394372,,,,,,,,,24.485822890973232,7.520265559317639,14290.310832940955,,30.80806027,12.776727706960001,5.988274362126005,,1.518020931245032,,100.00000000000001,,2.0495700566833044,2.266812891717765,6.59152141380348,6.143016171438986,696.9,,486.7704963071288,51.279101904600246,116.1144555577027,36.49089077686918,65.10621624404001,18.8394879344,,,43.02323217901517,15.160649051988543,,,15.201223053,9.033838191672,39.257072825,14.508760246904,46.652645265,15.53678316848,27.0978114,15.207202344348,75.431325432,18.355474009795998,4.0,
Community area,Belmont Cragin,19,78151,-87.76550200,41.92727500,45.565281373,6.748845003123999,26.233495917,6.475037625588,12.11756727,,69937.27463039989,8574.45553809531,26727.0421724634,1955.342881383372,59.19061802597344,,54.560932346,6.757810849664,7.084037853,2.745605796836,5.7164462303,2.823375528064,1300.0,989.29380256,3000.0,1488.8852981128,71.13256984,23.2349781524,36.25591428254623,2.553683811544235,72131.65463459128,,35.90111123,6.704476853759999,5.416907611807196,,0.9644380026804411,,100.0,,4.537938996058748,1.814350460670056,5.809996411533755,1.9344406912579533,483.4,,435.7080965215407,23.908249649690323,97.71790407950772,16.527614111398584,39.52102209081679,7.498395593876643,11.7665747,5.027898848807965,47.68029994613886,7.9483503795534505,10.803313563,4.1569329688879995,15.070946003,5.131072079868,29.24014098,6.228199829236,43.60875636,6.800812121684,34.783402333,6.527370237108,83.601383159,6.828900566712,19.0,
Community area,West Ridge,2,77139,-87.69501700,42.00158300,33.725138153,10.008670978404,11.080577502,9.058388583468,9.878271691,,71334.90396562577,8430.051139124324,34945.22512363276,2879.051674690167,57.24093943726916,,55.917842732,10.664299666692001,11.951055993,6.5602949986,4.0056867299,3.550111435612,,,2000.0,1815.9198121176,57.94077403,24.0836249108,24.39561659452776,2.774881994590507,78390.30821852958,,21.72159438,8.2443600442,4.822766070814926,,0.4433947495227769,,100.0,,3.5207612424745243,1.5058526730347066,5.664529535570136,2.2136387442419183,400.5,,465.3343692376813,22.751763242834958,100.56789294351763,15.163205728522358,49.66620186027576,7.486591837220886,8.009090125280759,4.206138635950151,41.929645836058505,6.801970965016799,6.9158994154,3.906787322872,11.502965998,5.378662383331999,32.895389396,9.627064641432,35.077570304,9.618632719079999,38.417917309,10.382756975304,65.747149948,14.484897606564,5.0,
Community area,Hermosa,20,24127,-87.73474100,41.92435300,47.116872667,12.381108387228,31.144324124,12.012539090999999,13.67762258,,70459.88115335886,9677.224939741598,29141.093912594268,3130.7611225294845,72.01336611801142,,40.382951123,11.835556889464,8.1485997362,5.113483984784001,9.1766780433,6.854347726912,,,2100.0,1667.0381346387999,80.65739209,17.81095253672,36.02436864683503,4.899382312079182,22644.717835658757,,24.66512691,10.52066099084,6.071171076393003,,0.6654369823882281,,100.00000000000001,,3.464555187876681,2.2211086567072003,9.73076302250744,4.067371976726495,560.3,,375.5718073330882,40.50987801622223,102.26764877054458,31.03051415173933,28.74011873970265,11.905743746901852,,,40.973893870672256,13.565805274354782,21.956990843,10.933791678319999,19.869913658,10.843310628164,30.824558447,11.8774950812,32.556876526,10.953121199104,38.371545214,12.626223298108,83.705943277,11.121034422624,4.0,
Community area,Avondale,21,36245,-87.71121900,41.93867300,25.721986631,9.926382486384,20.385215908,10.352561214324,15.80907711,,91966.21809322323,10342.265799221506,51235.8985335033,4686.106172629141,72.07865839504433,,55.93645859,10.597450962952,7.0893756186,5.757444707028,7.2806727884,5.132891720936,,,2000.0,1444.3716045584,78.7287557,21.2946002024,18.203030362828134,3.5638420538519426,35520.9017778837,,17.90313692,8.089446259999999,7.38449549592079,,0.6152426741989779,,100.0,,3.3481939525872564,1.6518238843654822,4.550712811429027,2.0578728958079724,353.1,,434.8255528126616,38.49540106118809,114.50549557729236,29.903112365711877,34.05053010463236,11.088948246315354,8.757348777785447,7.33930430528877,33.57747620354331,10.500145858763553,15.204180087,6.74877188062,3.7292693976,2.469047444836,24.270268037,9.37800882284,30.338386336,10.026281276172,38.927660846,10.784160007488,78.08739498,11.160776899664,6.0,
Community area,Logan Square,22,71742,-87.69914900,41.92276800,13.99795241,7.420137970448,19.398887156,12.218729167848,15.95996766,,111832.89554093764,6623.057211426636,72563.30814273265,4078.1917624083408,71.52757242559049,,48.084065645,10.206237459208001,9.896564652,6.935532659355999,11.165956609,7.348115857292,,,6100.0,4354.343052668,55.80850808,28.055943328,11.526731697316057,2.069661454417369,71426.58839418365,,13.88361697,6.114291730120001,7.07501150531467,,0.6841397048156218,,100.0,,3.2758612975974772,1.0861355794775904,4.125813306655847,1.2622380715368025,242.7,,383.15754804072833,27.744514040686933,102.32979187883534,20.991025652954242,41.84177694208511,9.688887966588808,9.936584986441424,6.32212040351126,37.05800757404353,8.71331960149746,9.7422015722,4.935406207928,5.373363048,3.763523155784,26.416264855,10.664879090124,13.048482956,5.984040639444,36.691001072,10.57398677258,66.873937393,12.411409609732,12.0,
Community area,Humboldt Park,23,53832,-87.72091700,41.90008000,42.362204513,8.819988827412,23.346802123,7.45481775612,13.41209689,,58409.067092820536,9213.948205314293,27962.444320164195,2625.0188866967583,66.40036136314792,,45.418729873,8.81177447584,13.690931808,6.054670243944,7.2502688922,4.599205024568,2500.0,1381.492353892,2900.0,1941.369099068,88.74755926,12.89704735788,21.887964545749753,4.07753669962162,55766.9553330079,,31.54045749,7.88318568744,8.507785685687185,,1.129819367856017,,100.0,,4.4543951098451,2.3326265379308833,14.170999242108802,5.0677879003539505,625.6,,417.1523758483587,28.632786997417902,124.59277993912058,22.947586394028892,48.36570990895135,9.986875331402555,11.658793589449456,6.106656029881849,40.68350465968997,8.95253037201327,9.443521607,4.208636453924,17.887949417,6.49671488886,35.307010609,8.095662271816,47.693013238,8.894748038036,39.048213571,8.818714630236,84.673327717,6.3305389452480005,59.0,
Community area,West Town,24,87942,-87.67635800,41.90121600,15.19908204,5.229619770312,13.874310308,6.178897725028,21.29812831,,141145.37633519724,10567.075906710375,94349.66957071632,5357.53390343197,71.32480941323496,,59.89661092,6.605735844008,6.7925453278,3.7327676172359996,9.8743308358,4.606676449312,,,5800.0,2899.9284912919998,55.37666962,26.567059414,7.060237777571213,1.4067306041068552,88181.67603039017,,17.72323546,5.26660703772,9.25760020534349,,1.4975726595238574,,100.00000000000001,,2.225039647211664,0.8450587455675964,2.8832591531875584,1.0039366356576063,296.2,,440.4248903326024,28.344193972859618,100.17168519475165,19.593012155503807,56.18562524924821,10.746591504040001,6.620637506789141,3.9814458770006445,45.71641110895028,9.150982567481828,9.8577105316,4.107606355468,4.1835008507,2.4368906309439997,23.518420758,5.676982389148,18.513276843,5.33592210158,27.659037713,5.800969206144,64.00684598,9.050728034599999,16.0,
Community area,Austin,25,96753,-87.76311700,41.89411300,50.719827352,7.472762078852,35.027151684,7.796301266487999,10.56297996,,51826.85140200681,8830.046017852932,25293.09143003252,1911.2449580210723,70.11426789136353,,42.564094149,7.426654537091999,18.293970998,5.273667764848,7.8707725232,4.4297425753,10000.0,4744.41313612,5800.0,3451.9744300439997,92.44203334,7.27342958944,8.80441420648607,1.6064322614576008,97671.11079977907,,35.83255756,7.08170245412,8.237083242427902,,1.5903976246274503,,100.0,,7.1519616709777285,1.9839902598594428,12.677921144898903,2.827672758910411,687.5,,568.5819663232436,22.378216073263534,174.35803808428932,18.519410569457147,90.150320367667,9.028297069037864,10.058017985077631,3.8697991368638807,53.70769204474608,6.895683567206818,17.123345929,5.91875442928,21.794625908,5.861601168556,36.920544118,7.0625999274039994,49.353446523,7.5673311133559995,29.702619318,7.1172651535439995,83.811460279,8.872182866735999,124.0,
Community area,West Garfield Park,26,17423,-87.73023300,41.87860200,48.709565679,13.359634590512,49.179961684,14.399003559696,12.74177811,,43272.653887734705,11067.609838799443,21332.538967606866,2710.6131049989935,72.0680208881313,,51.292697803,13.326566302336,24.691520431,11.947811117648,,,2100.0,1409.1831213879998,,,98.41744112,3.1577436814,3.881574599713703,3.408221298157749,15086.162549728782,,44.29493932,13.52559817028,11.662055116914846,,2.277916297914354,,100.0,,5.692090089240678,2.7143657858495844,13.823224698805,5.995596509433275,925.4,,525.5757547314353,53.46442733456338,161.86338161301077,43.15664164626062,90.45644359330764,22.357756816119657,16.568860723904802,12.444971032868738,45.93295716021958,16.05708242067974,17.122461536,10.206606514664001,24.456588726,12.151426189224,38.521496596,12.982963784224,40.106835175,12.695920894776,32.647303411,12.699459888416,75.040981647,17.2179022351,56.0,
Community area,East Garfield Park,27,19995,-87.70589200,41.87892300,36.81063934,13.137712259279999,27.659458438,13.191342239684,11.00275069,,39861.333804728056,8779.000167729228,24331.60038421928,3736.056637117407,72.03828226263109,,40.652919507,13.041406383908,24.483694999,11.754535827916,,,2400.0,1377.1804662,,,91.0488934,11.894422707439999,1.8979338514476374,2.4158204429625956,20739.825816661003,,32.97647659,12.157565780639999,9.928570400057941,,2.2722678594075316,,100.00000000000001,,4.6929575589860155,3.4570876674619355,21.670185583788964,6.507945888045256,843.9,,568.5871321783053,55.23033691249343,214.1379373799562,51.74760905443609,84.00377234921645,21.641974802980453,,,50.939622487337736,16.47123560264,8.6614012871,5.1371212731439995,24.721802725,11.795228649176,28.288812907,10.627428876988,46.106828415,13.059449068848,22.645822596,9.880534462344,80.122888026,15.561326419603999,48.0,
Community area,Near West Side,28,67817,-87.66351300,41.87401600,17.522772915,5.8818391513,14.066483517,7.444011170092,33.97378239,,116881.23240702033,13465.283378317463,86801.38424015904,9501.411720991378,72.08,,58.283954327,8.253234975356,11.169556181,5.67113334774,10.649736516,5.466971946548,,,5600.0,3054.066898708,58.01096347,25.2268070432,6.0085843317920755,2.0907970841762546,68097.64749596105,,12.64778913,5.54444067744,11.188390587638107,,2.3316843382846297,,100.0,,2.98003289761301,1.4339667955975162,3.3942577749314564,1.2805478691739345,466.0,,506.7438813595701,33.31749469492687,153.11953408242312,26.990017553086204,84.81005092015798,14.15388865156,3.644305920244213,3.320740787978148,48.80658149641085,10.197253069660308,7.7430808803,4.057365372452,5.3588062181,3.215851515632,25.934483947,6.9683729087840005,22.150837704,7.5359567210759995,30.215843828,7.505992714415999,78.730016161,8.32230675794,41.0,
Community area,North Lawndale,29,34817,-87.71721800,41.86019700,45.478145358,11.522661633923999,19.29645879,10.45007660158,8.874974869,,47668.100820325926,8879.874252682142,24256.835408720963,3765.468574495945,71.14424255578,,35.344765404,10.837907907763999,19.263114379,9.291846920216,14.163708357,11.703813956744,2800.0,2046.13403848,3400.0,3148.587778952,95.80071982,6.9595151172400005,5.469887645955246,2.609872381498712,33979.92102222128,,40.06730963,11.3985905922,13.978727535918438,,3.300783401315995,,100.00000000000001,,7.506362073464159,3.2619658960050026,16.391170359808434,4.882679927665018,989.1,,583.9528122459304,43.1133603810796,171.61047248194504,34.965805081199996,86.77898311813436,17.07040845529946,9.541748283809394,6.440230868737039,62.06185988462902,14.150903876290794,23.037848378,12.292979396852,23.260440946,9.583167704291998,39.503613189,11.268765448527999,47.402279104,11.877206930624,28.259126092,10.125812647888,83.453246717,13.570864837544,57.0,
Community area,Uptown,3,55120,-87.65589900,41.96582200,23.92863824,9.029348197408,14.623851287,8.362147797108001,11.99201742,,73109.52685334624,7570.537944221759,55561.67648224392,3664.8743552470974,71.10294797892806,,55.885308218,9.678075951488,15.623611536,7.628570138923999,7.7113577738,4.638596814684,,,3700.0,2282.723421328,49.67293767,21.457906520399998,13.238442154414985,3.136710052385433,54490.99263491023,,29.44135309,9.564160955719998,3.469427384800678,,0.36943842696683676,,100.00000000000001,,3.544355307389917,1.5678860386564268,3.178116624612245,1.7232472368026748,248.7,,527.2634706618426,29.659302100681447,117.92717195482447,20.189748297980053,63.52831769970818,10.55009280718326,8.114848821,5.141342282961478,55.51115714679781,9.741157741915089,11.458135702,6.9077407566439994,9.0204215497,5.727276605568,39.197358613,9.866809223459999,25.744233722,8.60182455118,46.5309199,9.741610552968,60.111310413,11.773422472588,26.0,
Community area,South Lawndale,30,71402,-87.71400000,41.83909100,43.31564596,7.2383121438039995,28.330611882,6.77956620502,12.31057954,,58666.08009178724,8995.853181288263,22871.326211352167,2089.618984044402,67.2783743069046,,39.381989918,7.1324043415239995,6.919136346,2.9400359111200003,4.2285349708,2.3143216607,,,2400.0,1304.2855268828,42.83692659,22.6058855764,37.650306399715205,3.6339339916047133,69830.03688424261,,28.52291712,6.7257806112,12.758677515549431,,4.035771672287079,,100.00000000000001,,2.6350605867791987,1.8005723217871366,7.750984253036775,3.67045395311148,389.9,,334.4205105322077,23.312897271802605,82.00060579162349,16.352577107358314,31.37050324880641,7.408910607049846,12.132328317616649,5.770410679625606,28.310286098817592,6.780847715267885,8.8472528816,3.9881333876999996,15.179846242,4.62742166908,19.815571359,5.267517052392,43.527834189,7.175340240488,30.698417226,6.803811286439999,90.558343239,4.4787775226880004,23.0,
Community area,Lower West Side,31,33716,-87.66757000,41.85027700,25.408481803,8.455981322991999,27.776772386,12.253383661876,25.62581564,,76947.75654793243,11432.743735894142,44023.52889792536,5249.2946705140075,72.08,,39.889324385,9.430155768852,8.8699147127,6.533947515927999,5.0285755172,4.13616726908,,,1100.0,946.6817507896,53.64157128,30.8886426576,24.77880946614789,3.4733304761658377,33412.04159156827,,27.74173763,9.1121682526,9.383808890714286,,3.606176132485094,,100.0,,3.837610039423831,2.906602282910878,6.142269941355779,3.027248675130555,345.4,,420.0565878056429,36.85367793474492,104.98115101738142,25.885941392648796,32.105879968021924,10.668578059500199,12.360245756493956,8.590399380857235,34.79273466604127,10.655497650515908,4.6107981307,2.749897419892,11.438964172,6.220938079020001,28.233865636,8.77299778488,28.67572083,8.696191600432,30.757605395,9.011616548396,74.760798287,11.22408803096,10.0,
Community area,Loop,32,43440,-87.62519400,41.87888100,17.108921648,8.668864654016,11.821484924,8.558533736004001,69.23127306,,119221.58409685314,17342.834135607623,100583.80046279168,14722.365939922372,72.06909347045352,,54.909021751,11.725530282816,8.5318690473,5.16078986388,,,,,,,58.51575762,26.9944077004,4.824200568729701,2.448333983931285,43756.84987517721,,10.81703182,6.2486756119199995,9.30364143599903,,3.0721624301023733,,100.0,,1.3091941124853919,1.1309495815675592,1.1850085718108527,1.242449876252908,269.2,,430.81581005934993,33.691658858215966,172.95514710756058,30.699273877645634,34.49365713,9.71606511484,8.987532905,6.605995970584395,28.879682845364197,8.574871988922922,7.9985024041,6.224310779792,,,21.253443443,9.74456165382,14.588783511,9.18112353102,30.562090981,11.211225349855999,74.880510764,15.304963319996,22.0,
Community area,Near South Side,33,27296,-87.62034400,41.85719600,18.224773807,8.262824018596001,6.2089813974,5.0554242326839995,15.05715123,,122423.50649646156,23163.198453384764,91321.74296604426,11031.053065157914,72.08,,67.089823917,9.765550624872,7.4675673439,6.605545267524,5.0454728153,4.687974939844,800.0,865.727008468,1100.0,1013.804824326,79.02250356,31.1864428232,3.43267678502185,2.1974535990845747,28903.93689669003,,11.78495773,6.4350755182,7.392751719834782,,2.3321046645582695,,100.0,,2.1512172247825614,2.32617953429709,3.2905346106584585,2.0529145409068024,1949.2,,516.9611337739118,43.22114133837792,188.47763654361407,39.117833296177274,63.91743395470888,15.757171850267312,,,36.79292027,11.507187560313692,9.1717040742,6.1787552806559995,4.5025075497,3.6877892165799997,29.276776933,9.821401450308,18.128723566,7.597779431116,28.839977218,9.124990871696,73.313155516,13.940065877052,5.0,
Community area,Armour Square,34,13847,-87.63397600,41.84208300,46.967764365,10.346569730504001,19.258386378,9.794432246816,25.1317975,,45651.44933519941,18922.169713818625,30817.58363333983,5058.392482248725,72.08,,41.547909563,9.667248679228,12.858131108,8.124907032172,1.9908629508,1.91361207436,,,200.0,219.872783438,57.61613407,32.8676900748,50.74579617576732,6.4418059128668865,13821.73561594313,,24.0601149,8.11767126352,7.83786212908381,,3.208384397522403,,100.0,,4.290250155126084,2.9899395440175294,8.15040898999018,5.557896519552684,383.9,,461.2391885908914,47.04420445746821,68.13463829239045,25.95901889873484,89.52320587056899,20.637566299678085,,,63.38612985788264,17.26204368224,4.3661972189,2.2719536246959997,16.881571986,6.889779489908,32.559281027,8.963300572912,13.012542201,5.42472187726,37.635931448,10.335482761967999,85.627572869,7.5554369462599995,1.0,
Community area,Douglas,35,20292,-87.61868000,41.83512200,40.179490958,13.690127473792,18.264664608,11.911483251472,8.525527301,,60402.6353356295,13028.668597271522,36232.670295633274,5614.0094669359705,72.08,,57.293088954,13.544734149688,9.6049428098,7.101856242516,,,,,,,87.87335838,14.38412796996,7.357792444478918,3.4262070264102147,21090.85063630398,,23.83599211,11.39893401752,6.412467240204773,,2.7716962489276997,,100.0,,4.221165046547754,1.8385614482513832,7.789568952128168,2.148358639073408,803.6,,596.3882596813831,50.27905055441537,181.99681656781243,42.02133713943507,107.28604871225993,21.046189363454207,16.675532452019862,11.019869237924977,50.45125314099861,15.2594256725579,8.0716716694,7.443577848588,16.506469604,10.017157443832,29.730404591,12.543741819588,35.693730837,13.56264599032,36.450566767,13.550152346836,80.530323709,15.821051766716,9.0,
Community area,Oakland,36,6803,-87.60321700,41.82375400,41.237608141,12.152077777308,28.940301976,12.920697131636,2.939879465,,32240.587511620397,20486.544351858556,39035.708088820524,11151.30878847433,72.08,,50.978817468,12.648991737088,19.931285292,10.770322650332,,,500.0,309.45785556,,,,,4.594147671207081,5.149109865703572,6940.063701843177,,32.71580177,10.932876176039999,4.124271191422612,,2.2104675314847144,,100.00000000000001,,3.609836339916475,2.866718263835238,14.35211344365403,7.609919054947753,876.8,,590.9546629669347,92.15886627918825,166.38550962182958,75.87735700554045,130.0043287554508,44.707242062851854,,,64.31622312653394,30.07447612534698,17.736992053,10.028338072143999,13.98803702,7.724525849712,44.753557892,12.6532256501,45.244557652,12.482607340811999,23.454523089,9.965791901015999,75.705629214,16.427317247403998,7.0,
Community area,Fuller Park,37,2549,-87.63242700,41.80908200,42.940926529,12.994027046364,43.0424022,14.591007017972,26.28481758,,22023.81053747795,6849.007677696166,17092.36867957422,5792.709100926847,72.0729042338195,,48.389343988,13.313118447356,34.739671707,12.522604124912,,,900.0,394.257230668,,,93.65108864,11.8613130272,2.9652019694921727,7.986353886746666,2340.5178060198177,,41.68912793,13.11787161244,5.395428700046485,,4.0530949550002395,,100.0,,7.979268008550049,7.125797611245148,15.741438808043801,15.03440463805898,1129.7,,643.904651093661,132.70169236917297,237.4918220801148,113.53313847691537,132.2963839,59.93063501876319,0.0,,70.22975694597974,43.79526158117336,18.832887658,9.607169595184,16.329615475,9.883350161888,41.938295395,12.756789709076,42.774727617,13.22349269906,42.935011764,13.175339990792,82.281693118,12.046115803568,12.0,
Community area,Grand Boulevard,38,24586,-87.61786000,41.81294700,28.772098241,9.93095207468,21.524951329,10.140046966392001,10.29040918,,58522.89942984056,13921.395335278017,39264.202223784865,6108.977231409171,72.08,,53.32666386,11.260813152092,14.855559232,7.86088268182,6.0894849819,5.377909838,900.0,587.634388264,800.0,758.6980821308,88.74424244,11.50702237468,3.0525047406579326,2.413116705816526,25177.249063480947,,27.28100539,9.52539711452,4.557999305794678,,2.9366569141971675,,99.99999999999999,,2.744466494372629,1.7979930008037328,11.602681427280242,3.95916630059563,1225.7,,560.4897134868121,44.29643711297442,197.9244591565699,40.239513867645904,79.49036390941488,16.847364785653134,8.654761308891834,6.949216389881159,48.51451236491634,13.089439597210541,3.0696227735,2.562659250228,17.372023771,8.507962907724,49.777871021,11.562787569284001,48.599263157,11.665673739328,35.611817313,11.044759710795999,74.748821358,15.721834255288,11.0,
Community area,Kenwood,39,19126,-87.59618600,41.80891800,27.451058482,10.856800374224,25.923991327,12.706457431808,6.274181742,,73799.33922476385,14948.162249493666,66621.80991074372,12865.073703017328,72.08,,56.47026892,12.641697405792,13.783757288,8.716778755216,,,1100.0,759.660764296,,,94.32609671,10.97779132044,2.893207793116755,2.6011962108821867,18427.525297841814,,23.65242265,10.12929078196,3.4327266210318315,,1.9163839122076607,,100.00000000000001,,3.1660130649627845,1.6997128963521642,10.226638102306083,4.780734949957559,470.5,,533.0450071266658,45.495584269754325,178.27695395514792,40.4277954418039,56.32458974215593,14.656341376034085,,,50.05598241509117,13.971747372907563,16.192912489,10.952509542492,8.4188798204,6.141024756944,39.198142373,11.989253540516,25.05301611,10.46352062182,26.048061127,11.058195547056,68.230777303,19.71311413036,7.0,
Community area,Lincoln Square,4,40412,-87.68751300,41.97518200,15.446608359,8.497388760448,7.7471507845,5.995179406468,14.87182025,,91363.09353886107,10105.393568936115,63201.96088038953,5061.736171692427,70.56946859057877,,67.45104367,11.448782034256,,,,,,,,,,,12.868333391733339,2.7668289896959597,41565.112883410984,,20.33042925,9.84035368148,4.1222137170052795,,0.3995113509662759,,100.00000000000001,,3.119333026902064,1.509813442242393,3.2984412320266845,1.975840945230688,174.8,,479.0457772050004,34.85474381845569,108.29211264179985,24.45033443358127,54.51240496,12.317925455833324,6.240612364,5.1445774771230015,45.61663051165871,10.959436684387965,4.598168014,4.19881660128,7.6242876629,7.049130758796,23.402393524,12.184944708804,25.41121372,11.921887954396,26.596807522,9.931940395664,67.345849406,15.211533711696,8.0,
Community area,Washington Park,40,12709,-87.61793600,41.79235600,48.09581203,14.860810963208,30.023333898,14.633189733036,6.05869856,,37542.62252253063,11283.907124049449,22463.41567019801,4083.850071530606,72.08000000000001,,33.049457354,15.026073598564,18.585286672,12.479856430636,5.4653627348,4.827605184612,1300.0,853.259735412,500.0,420.7860787844,91.1606454,10.80542264844,4.214621128234417,4.301576895845882,12314.668408889758,,36.64307093,14.06799632616,3.59173681709915,,2.4934256909068004,,100.0,,4.571623065169167,3.38565033591021,22.360094484257463,8.70337343681131,1180.3,,495.5512739690036,69.71166846332656,196.55613488785292,65.6690898136,71.38311357312963,25.773403686503467,,,31.60843911304652,17.916137175335834,15.874117805,10.663506810824,10.688913762,6.171686645319999,31.468838969,11.8079080448,50.632652993,14.86168103406,37.799527977,15.061343655092001,89.828758396,10.0295617905,11.0,
Community area,Hyde Park,41,29459,-87.59230500,41.79408800,10.385133028,7.460495196588,12.465966582,9.419818633596,11.67724634,,77008.65152391497,17934.128951016144,61926.511991890264,9681.110046513357,72.08,,70.49458893,11.534199715863998,10.870726345,9.843896301120001,3.1168341756,2.84858791672,,,800.0,693.7252342384,,,9.186438524357857,3.4733474314675106,30600.29143781308,,27.8591978,12.14380578684,2.950377157227442,,1.6102922869607443,,100.0,,1.4437066971340686,1.5086396300727747,3.870530771276102,2.6635455069817184,312.5,,506.8918695367954,41.28690704901507,187.04062439354936,37.295195573104515,57.83426566703996,13.886440925876633,6.395975486503119,5.962568329460201,41.99319834445717,11.91350458536,10.465641471,6.49482153768,,,23.330903213,9.568518895376,22.387003664,9.543492965832,42.371509079,12.928632086383999,60.117856147,18.95643198806,8.0,
Community area,Woodlawn,42,25285,-87.59492400,41.77887700,31.109548065,14.992315177924,20.224117463,13.989209004288,7.672533122,,42469.38244910356,10101.673266184278,27910.708740085858,3359.8774301400244,71.6622607770226,,44.742873554,14.927721172532,15.609705238,8.354365185908,6.1502399654,5.466668349212,1800.0,925.80509546,1000.0,905.2193667524,88.32895727,14.01254237348,3.3271794357872992,2.1767767715776203,24802.56420049847,,25.98441713,10.47993198112,4.177825374483026,,1.6462593475198866,,100.0,,5.272445863216147,2.2879863627550012,14.744022353268793,4.751917004966795,847.3,,542.3992774964146,45.46560448854204,215.16249442771556,42.839020876974544,83.85258716199809,18.101821045969828,10.655219067109096,8.031516359068794,47.17815362774801,13.394533950568063,16.190477609,10.689270172336,15.742443699,8.825769414056,31.220956897,11.875596100115999,34.884354299,12.476675509396001,34.190136551,12.338985903944,78.475379514,14.220173275728001,25.0,
Community area,South Shore,43,51919,-87.57279000,41.76158300,44.242094332,11.255513365599999,26.289462184,10.696746384772,7.453918604,,45587.395930458966,7890.532440240949,30825.768797246288,3627.4086244719783,61.44004352924376,,47.486970307,11.272203485116,15.347840706,8.6685319252,7.9498907328,7.461893418448,,,2600.0,2576.620600512,92.64039351,10.63527266704,1.6112991493217936,1.315299646179788,51377.594211150186,,28.81076263,9.71581445828,2.6542083075158605,,1.6200288648192671,,100.0,,4.875190789025994,2.0211499000289685,11.287937260830219,3.4554665840462815,896.0,,575.2678281841121,30.536789551673785,213.88300442888223,27.609412540207085,86.98295857802046,12.042782077869074,8.387056174206707,4.768128038117166,56.40248700512723,9.608837468967064,16.091411572,7.763709154824,15.900645095,7.157902587164,40.619611612,10.863012116572,35.944791906,10.270446618795999,37.405474002,11.310956051416001,86.322497719,9.991143808548001,54.0,
Community area,Chatham,44,31804,-87.61596500,41.74020600,30.663221789,12.516806201088,30.060535717,14.377862481275999,11.7595271,,48332.46061953288,9640.231768796482,31740.209150547067,3329.6913571984132,71.36309714858547,,52.533944656,13.514149635644,12.375386144,7.207327771532,,,2000.0,1260.6594806960002,,,98.66590012,2.6672453239599996,2.536941667214256,2.1623244251285088,30021.415055746762,,25.18529085,9.97910169144,3.859939807748399,,1.4938093113279443,,100.0,,6.999117540344471,3.158169378458561,10.967148946050244,4.7021793966725385,975.8,,552.3621788913564,35.57010932926316,197.5211116279751,32.20041716071424,82.30133320761261,13.694809919872728,8.563928089,5.950834413044853,52.93354025888019,10.942240988594671,18.542544187,12.491306212616,14.234696713,9.571717230628,45.417409876,13.292312519135999,43.259257819,13.104544138308,25.436724422,9.967822625852001,82.638076118,13.078766782984,33.0,
Community area,Avalon Park,45,9359,-87.58634700,41.74419700,31.324482362,12.519255915908,27.320427172,14.589861594952,14.10407095,,60547.83129661174,33024.951114565345,35596.848335250135,8454.766546902252,72.08,,58.09353186,13.15612220804,17.763979247,11.876889476676,,,1100.0,771.912761144,,,86.07407071,18.62502057724,3.3164064832067566,4.724240673596302,8939.367648010237,,31.72044272,12.978123434079999,2.9257003019538304,,1.379242422436105,,99.99999999999999,,7.005168852152133,6.94396257663178,14.403597633220503,10.578341681632935,940.5,,620.3363125412759,66.53064687816601,238.6986014845352,63.13448176239949,83.83991114567877,23.98516740328539,,,69.91500667330546,22.900137390848,9.2711028321,6.061473276936,10.318307945,6.37871055556,39.546465223,13.117861358504,44.040597905,13.229197162439998,27.415058664,12.527119577812,88.679161789,12.294543481752001,8.0,
Community area,South Chicago,46,27254,-87.55143500,41.74124300,36.939710841,11.988258647848,31.519178165,13.639105870796,8.732663095,,45124.71781639679,10407.31909344354,26323.95464375231,4016.987425035735,81.6860517564619,,35.315653696,12.226976581875999,9.7548142109,5.066827211432,,,1900.0,1543.65523298,,,,,8.892367022319236,3.0132922662157124,27507.14760924339,,22.09611405,8.72809741888,2.696123714581175,,1.372137438461767,,100.0,,7.287597268117088,3.032450052351712,10.930904490239083,4.4942420456417596,953.5,,556.7700464415612,39.91592218462482,208.23960992588897,35.79718352689524,80.99564468728316,15.241001069104545,13.95430199264448,8.652029528628983,60.93974817642785,13.224646194117396,14.592539095,8.920467377360001,15.302368492,8.376501401016,33.728516132,11.051186729744,42.859149221,13.043950743992,33.912501796,12.916880356603999,93.722268404,5.847397657919999,18.0,
Community area,Burnside,47,2514,-87.59647000,41.72818100,52.87154854,14.477056757491999,38.491114303,16.794576500799998,11.13762928,,47058.44498363915,20991.75833891622,30126.044569259077,15610.913642832886,72.08000000000001,,50.745557978,14.670399481023999,14.480268818,8.699771550428,,,,,,,62.41197939,24.616444815199998,0.008208173662478668,5.5558784128631755,2292.961298875095,,44.53097835,14.858360485359999,4.8393421154942144,,1.3750658407196343,,100.0,,4.844011262786512,7.541141070747627,3.2306680803339054,7.868881398918716,980.4,,417.4136536160421,108.39053722610674,133.2730279014402,92.6310917884879,67.89700109423906,42.75448210860121,0.0,,,,7.7386979813,5.1014979074080005,29.968941892,15.173304571824,39.10897549,14.566201045704,41.879526504,14.353653439355998,45.63224648,14.759788463672,72.117170588,22.40207250876,1.0,
Community area,Calumet Heights,48,13085,-87.57272000,41.72967300,35.811621615,12.95554930754,19.518877409,12.332838125608,8.559419182,,65397.43058496081,18186.798297089837,41184.39814270069,7489.150250120745,79.63344790501016,,56.246666844,13.43046755442,17.701056356,11.684169647808,,,800.0,666.52228636,,,97.19769103,5.6391447826,1.7821620486624126,2.6461915555453293,11227.308474681895,,27.81294786,13.2362871606,3.7288832290234604,,1.1407255565506729,,100.0,,5.169526761952241,4.512225247545323,10.595211532762715,5.637727007846921,996.7,,582.2385237437447,52.994696182361935,233.8927180691327,51.17303718843042,76.51439016,18.884609979070053,,,60.61243185673911,17.30529216343205,9.0733070785,7.879574385675999,28.419234614,12.67380635276,51.420035682,13.447776860475999,50.840534115,13.586027033768,28.464840616,12.292104654144,87.192994216,14.496410644604,5.0,
Community area,Roseland,49,38934,-87.62336600,41.70658800,49.55995606,12.128590157684,32.277060116,11.760491213044,7.243026661,,54361.768530578505,8281.79225743758,26732.84559966362,2308.8772381195686,71.72051748437107,,32.09773693,11.184403650476,18.565759716,8.59861992472,5.7201827925,5.364286296656,2500.0,1456.190080688,1700.0,1668.6908319228,79.90241559,20.725596698799997,1.8964177438202436,1.599721121246587,36745.38198660812,,39.89612895,11.874088709,3.89795409491504,,1.7491093446142687,,100.0,,7.55021266973988,2.5626267720674822,12.983907926630458,4.10166341481474,1180.2,,600.4803313265571,33.51590041777167,225.26295196505052,30.69590503943893,88.88155951648204,12.795295723839999,5.444223811,4.388545239994573,54.91704365587759,10.182500914729497,15.248619136,9.820321990108,20.113395153,9.398949321327999,45.60474716,12.257354479384,58.040328066,11.980118192195999,37.073677714,12.194837517548,74.081934294,15.421126184492,32.0,
Community area,North Center,5,35150,-87.68383900,41.94781100,10.192612058,7.760407876452001,,,17.41109531,,147701.19791605618,16956.425084820632,89577.64973706401,6859.1124788799425,71.75123390934503,,75.452651643,12.539735928468,,,,,,,,,,,3.0408089593224368,1.7695215221477183,36047.30896603488,,6.280205502,4.69018531436,6.438325770072871,,0.48571693222561624,,100.00000000000001,,1.4723854488974573,0.8817365314999509,1.58511506533309,1.1028373550345119,191.4,,524.7565430350668,45.371200599880886,113.36167947565632,30.604717700009168,55.51098697,15.926744213702738,,,41.87335011458072,12.793874857119999,9.607697218,5.814744456584,,,25.749241294,9.88920913736,18.767149805,9.010263687796,19.496243957,9.3977944025,62.719549666,17.848211508736,1.0,
Community area,Pullman,50,6866,-87.59825200,41.70613100,34.640820334,14.586198729116001,12.573441221,9.720709052992,12.81677833,,62495.27857437895,19529.78585558243,33622.059748815984,8186.916540018238,72.08,,59.12525085,13.464671788035998,7.5653471766,5.0339342921,15.027462621,13.318603925032,300.0,211.91321648,800.0,809.9504790272,87.60801011,16.411628110080002,2.233973392587732,3.509043828345357,6783.760059864825,,28.62134362,12.11988813028,4.254938718574432,,2.9903117853539163,,99.99421717487066,,5.049063149352786,5.233489332967059,10.099391272104489,6.275712093710483,1119.4,,561.8685842380186,77.80066285565762,201.84840658191885,71.05635496706162,87.55068854177024,31.200064728553528,,,41.59479761392932,21.372251701159527,27.184051209,12.92700528658,10.562662377,8.115538309984,38.908351108,13.587776035064,56.35027051,13.847488271931999,20.552816465,11.366767935179999,81.543099182,21.47205804184,0.0,
Community area,South Deering,51,14125,-87.57005800,41.69063900,40.052584434,13.481090545748,27.076453425,13.2970791527,12.60176991,,47962.69064449837,13379.950365589626,23786.973596994183,3808.4060554009834,74.36419157205734,,47.081169799,14.289805937008,25.005270244,12.611750909968,,,1100.0,706.9394167639999,,,79.41024676,25.669103739999997,12.472026497110821,4.86574283914464,12875.860807388364,,42.07595403,14.87005080736,5.6267460916804195,,2.248653755946472,,99.50038209170461,,2.4937739229009552,2.859705013371402,12.551890621980391,8.536460437705498,888.3,,643.5295842354125,59.24556426654215,212.24522129494432,50.822605881600005,91.62882626795756,22.58828452043947,15.687881302816711,12.607896593503783,45.435582423025096,15.83950579455508,10.686501583,8.50831437806,27.65118764,12.736264938348,50.004429764,14.402127135452,51.213260654,14.602912605596,33.278235726,15.275492679832,91.925789055,7.964045028016,7.0,
Community area,East Side,52,21787,-87.53490700,41.70730600,47.562334858,12.176730682199999,28.399675041,11.048651636932,8.904392528,,63386.104442290256,11561.411866608909,26589.857965818657,2739.1916424047845,85.63361452012374,,47.005541137,12.201301587944,8.9395019085,5.986022060088,,,,,,,59.10244631,28.6060105464,22.48622236626341,4.231757431182506,22700.69460161811,,29.22621147,10.60842102964,4.688114883824412,,2.4028595659138294,,99.99990710148417,,4.6089530863803025,2.649802096358539,13.260260536456663,8.26447479916411,499.4,,451.3560055041163,43.35088633809156,116.78466820548098,32.033221584,41.33404774032998,13.24248345364,13.063608286117958,9.730656303056845,44.75939402278807,13.643599768400001,15.962317946,10.882818302692,18.538604304,9.64886412952,31.441791001,10.311975839088,43.512201026,12.382488618052,30.62926367,11.674748903300001,67.997506009,15.769876846639999,5.0,
Community area,West Pullman,53,25940,-87.63574500,41.67382000,41.636580263,13.74589382264,22.503256793,11.975947264372,5.782575174,,54295.78081994608,11680.115153421646,25608.581767332464,3715.831814036266,70.12155214673662,,39.350349439,13.532945526632,9.9335683214,6.215297723124,,,,,,,98.7863017,2.52004910444,3.7089431952418144,2.085568280414636,24421.3446098744,,31.02718294,11.67574067408,5.204012437505204,,1.6326120073996035,,100.0,,9.758974907726257,3.504267630503633,14.261545944891308,6.010403391459868,898.5,,574.0017846166149,41.046733843996414,216.50912721142657,37.51834586562937,82.09199933080174,15.447357209623748,,,64.83807197493523,13.962321933916623,10.277751252,7.3740202911759996,19.373197936,10.785666185756,42.779286499,13.821976003864,49.639178347,13.974208254439999,22.888892291,9.722782439972,81.432223884,15.075854309096,11.0,
Community area,Riverdale,54,7229,-87.60284900,41.66013700,41.048295161,16.212315547988,41.011252138,18.895299819536,3.181629548,,16946.246214701485,9366.03539142315,14900.177006481243,7771.811284140803,71.85431018009666,,33.777077413,14.477675652188001,21.375099872,11.773663486339998,22.347305304,20.068612562320002,1400.0,758.0824394079999,1600.0,1756.1049341528,98.07545305,3.84663654144,0.5128479086718224,2.477503063249597,7483.432139021165,,40.89001544,16.3718394966,7.933443812467467,,2.3760805915621512,,99.99949858297175,,11.79854309047894,6.930708532430273,44.326814423726304,11.358132290532447,504.2,,643.0714449217512,136.0268208959537,211.28669285829145,130.10724965597777,108.6423916593384,57.96795728871423,,,56.33748219321743,36.93001091146784,9.2981012098,7.123706615143999,17.636360877,10.760083131307999,27.816018835,11.82483900206,45.815165013,16.67935944528,40.600266063,18.392821328224002,85.07697605,14.660777001164,2.0,
Community area,Hegewisch,55,9884,-87.55680300,41.66818800,25.9193363,11.414104617047999,16.506185431,10.384654978348001,7.183326588,,61745.599215031776,22458.711174924778,33795.04474929946,5527.490598572178,70.54835245361704,,52.149468613,15.142413770932,25.035411625,13.855758625016,,,,,,,75.76579948,21.8257013436,11.13021982497718,4.383826450420794,8767.938561774901,,25.20173896,13.86524370476,8.491564226901628,,3.077876109877535,,99.99875111409932,,4.721504955875076,3.3726928876885514,9.45242355448138,9.784887514426504,324.6,,548.3927050897267,66.61169663917664,175.52807949626612,53.84519982363969,74.89539510356978,24.82959893234586,32.39898798,22.45647350136081,52.75859392884233,20.70236886050997,13.260439424,12.028761792068,18.418021784,9.750763525804,42.155083447,14.391094239395999,45.458878104,15.3008588593,30.526193018,13.416535463996,88.818517786,12.4753453062,1.0,
Community area,Garfield Ridge,56,35352,-87.76424600,41.79618500,33.627321064,9.723065456132,20.007193725,9.734196343564,11.56935958,,93530.6963911605,16292.710734112377,40220.81666252722,4374.973343280912,89.64987806419016,,63.800890967,10.000182474575999,3.4524140449,2.607575830132,,,,,,,58.19413645,32.7891230436,20.545545429872327,3.5475150122654626,36657.21624790593,,29.32974428,9.27034082492,11.237452794388174,,5.663025145958793,,100.00000000000001,,3.1227497625371705,1.796263121078976,3.7112944686523126,2.4451731688810265,550.3,,533.0187446199078,34.1116540717007,120.1902095933861,23.03126872840087,72.56299664624375,12.63031336868,6.69440261,5.359682722573754,42.10683926780213,9.543563568275994,8.175405581,6.531890301103999,20.123960709,8.804949159608,33.056576935,9.435576159043999,38.678188906,9.637889242016001,28.92707248,9.769374504512001,78.532118041,11.950399578319999,9.0,
Community area,Archer Heights,57,14282,-87.72636500,41.81087300,35.641563038,12.394332319852,30.47636731,14.995701585171998,19.74513374,,67121.40569175016,13604.537216055367,27658.448775283592,3348.631187004412,81.76624857349239,,47.00893053,13.5227943599,,,,,,,,,,,41.16642577575141,9.577962306292772,13492.19323405581,,26.22858818,10.972089970519999,10.71521340733773,,5.803512079355838,,99.99999999999999,,2.765753903681108,2.744124061583805,4.8141651264832515,4.489163958899872,345.8,,366.2403575256748,52.103318475369946,75.28311213368067,34.580834309123425,30.33888037925395,15.22880401532,16.6660787,13.390306264923073,35.13136298020351,15.888412829266985,3.0452808951,2.554937650692,13.427178795,8.678305698048,16.459520909,8.836353841532,38.649054624,12.567616146624,29.518570537,11.832759080016,86.827917196,9.341535797104,2.0,
Community area,Brighton Park,58,45141,-87.69885900,41.81736400,52.62363432,8.949294475436,29.236584464,9.1386331918,11.71883653,,64056.544290970305,10145.606913723908,26502.55308762671,2846.4980710273285,72.08610250668036,,38.66119152,8.6585740521,6.8953368869,4.050792664547999,7.0620240285,4.640661265632,1300.0,900.836696032,2600.0,1801.8500582124,88.34864799,16.2419353418,40.352970956397556,4.235818362212113,43145.712198140434,,36.19112819,8.529534552280001,10.198874488298914,,4.463298448892318,,100.0,,5.219295036948415,2.749638632393217,6.186233817011217,3.554884944318801,400.5,,338.8988424526481,29.882531906298738,74.94455802085069,19.921981875865395,36.49493288368297,9.991611628837497,7.808280289079314,5.648957790545804,39.04355160263314,10.47120105665281,10.80629342,6.0324927334,18.080115293,7.01115357516,31.235730119,8.365288694364,44.244234848,9.115420976088,33.572824835,7.708499842876,76.631758159,10.885513057692,7.0,
Community area,McKinley Park,59,15927,-87.67250000,41.82992700,33.010099329,11.926562846632,19.660245302,10.180987266072,13.43630313,,85030.15892961032,21749.5041600598,38415.09503959814,5007.564006961084,72.08,,57.136526407,12.734844818388,9.3634405659,6.447528908772,,,,,,,85.59532128,18.350606043840003,28.455699266820645,4.636243606283123,14856.231386420193,,21.2528833,10.67416535668,8.91648685122576,,5.350605919671987,,100.0,,5.468290476181531,3.3655539911676704,4.87638122454499,3.652871366054233,379.2,,429.409421545242,51.61315044060623,76.13778461325754,31.01116572857879,52.48662156089614,18.54550375261817,,,48.61547002219289,17.26086215745488,11.568131869,7.784820529444,15.241784994,9.977330932772,33.830006527,12.503497712888,26.920660519,10.457079171783999,26.337184278,10.171949977336,80.491043869,12.769759123156,2.0,
Community area,Lake View,6,103048,-87.65600100,41.94423600,17.816677624,5.9671084171999995,13.597350421,6.16128864834,15.87609658,,121377.33495574856,7325.389628472491,91201.95583361431,4432.261727021358,71.38360804401778,,64.148964299,6.629747647796,5.0925769854,2.6634532492400003,12.629629352,5.203782683988,,,12000.0,5398.454523308,44.96154217,21.2789479952,3.1065390381384796,1.0243695796177537,102824.82867705771,,16.86343042,5.13606617692,4.473442354612815,,0.4377950142204249,,100.0,,1.6209444142766318,0.5988714044030693,1.4112313110532935,0.6747865200639711,142.3,,493.5713494905119,25.14034476557493,145.10815502964817,19.669645687184243,47.22415586898364,8.083498119928297,4.179390799382085,3.09920509102088,35.22258900546673,6.750048624738095,14.725382788,4.915266459991999,6.3330133325,3.4796830839119997,19.942353749,5.14860800818,23.662534952,5.93982925382,29.314567158,6.1192128222680005,64.738003442,8.927302973204,6.0,
Community area,Bridgeport,60,33593,-87.64878400,41.83615100,28.592432934,10.823619341164,19.683875651,10.711817061540001,12.94912631,,77773.97644318096,8965.498256394852,41884.13795904742,3559.843971638015,72.07982044320023,,56.94919346,13.060367241236,5.7761080664,5.3077828578599995,,,,,,,74.09568822,29.190001483999996,28.89446725480348,3.7102627985295524,33542.92299452535,,16.82598997,9.0787266248,7.854046668180189,,4.505655284715687,,100.0,,3.612754347753921,1.6689378136948954,5.0098676545880165,2.4842846649172348,389.2,,466.9965676442635,34.9176612956691,82.58676887513155,21.01717821734539,73.36037238274706,14.127310230350817,10.242611344265717,6.803784184130253,63.13468893476397,12.80919878392,4.6284229815,3.773467746356,11.773170003,8.184009659308,33.129765125,11.549056368668001,27.651663196,12.76937087244,35.861190882,12.09063761066,81.52492993,11.586003819264,6.0,
Community area,New City,61,43510,-87.65917100,41.80901700,39.654448009,9.201035532052,25.11069492,8.910368686492,31.21121581,,57802.12297779982,11416.432788619608,23657.291788781087,2455.339320140637,71.06146045275875,,42.93957383,9.467920412832001,14.301228844,7.195401705828,7.1192060218,5.77263866662,2800.0,3149.01397664,1900.0,1582.2260197464,87.28657167,14.533431214959998,31.677468020622655,4.712528598340954,39952.20608706311,,28.36983299,8.751687880879999,7.334050071256627,,6.671127101297543,,100.00000000000001,,7.259133811084899,3.723019319760076,12.27571999439186,4.0145625364046085,813.6,,478.41028188931375,35.55006943501092,110.4745824194505,24.662415194267886,72.35175004552673,14.376781248385326,21.00814602376388,9.510418530451519,56.37268102791153,12.36526357612,7.6293017682,3.805275761196,18.045982329,7.6636459914,24.538158966,7.459736976076,35.781860889,9.376607222724,31.754390162,9.514525613487999,75.145152601,11.876599963703999,27.0,
Community area,West Elsdon,62,18249,-87.72421300,41.79297700,37.385950254,11.667517484868,31.437156929,12.16264295092,11.01430215,,77751.55750530158,13471.773573110546,32213.4953429723,6205.874512119873,99.19858900544078,,43.078796346,11.654590886792,8.3008902373,6.748634298224,7.0692330743,6.09758870322,,,1100.0,990.9454852108,88.07834024,15.789994955000001,30.953440989757578,6.1914665488171305,17758.843491929718,,27.48870404,10.28522399744,8.529017690332621,,5.184200891759009,,100.0,,3.0222573778270965,2.719325947909097,9.357685178255432,7.52688421385093,510.5,,414.3584533844904,48.04355280458788,108.40059446496149,36.07191665823138,49.37841476410285,17.812999819439998,,,26.354558512078032,11.592253933681977,8.9208083854,8.174989243428,12.144665031,8.21957275132,33.48025222,11.209603416144,46.071868099,12.139813346808001,26.958243669,10.289056461488,78.761953217,13.000686728876,3.0,
Community area,Gage Park,63,39439,-87.69643300,41.79542900,35.666165218,8.895684169904,28.517877018,9.444423498496,8.9505312,,62322.79043974873,11712.484658513426,23839.99823155553,2655.301082606827,72.13201072925317,,37.281668195,9.288026456464001,9.8399566236,5.42223683638,4.8456136745,3.8903316146519997,,,1500.0,1205.175579216,60.18272434,29.307464284,38.63806446451518,3.4881300617044637,36010.47480631783,,19.61837743,6.963470228679999,8.01925325838701,,4.247573434068157,,100.00000000000001,,7.14656096967882,4.10001130659938,7.052992671163352,3.5986758227618343,449.8,,326.0212387898438,32.167597092906064,73.38370481,21.695374745694405,26.27131951201388,9.484517859514197,8.030254636135446,6.297389212220994,32.00844536702243,9.985633493789937,,,29.628086439,9.188578572124,35.165014801,9.547559255331999,46.462690562,9.642000095056,34.873410639,9.08976415018,89.722387032,7.027372555952,5.0,
Community area,Clearing,64,24519,-87.76851700,41.77958200,32.867259626,11.992223517344,19.252998991,9.083806459896001,8.891064073,,80699.66444176168,15846.387989109287,36031.934096057295,4704.456343150098,90.48612584408387,,55.803180673,12.345194923655999,10.568723071,7.722195046524,8.132460277,7.178220553588,,,1600.0,1463.49538377,68.69850511,35.5219427332,24.028551691121358,6.673484922062678,23667.3678942933,,29.22814177,12.107743746839999,10.181648483843187,,5.401808663668135,,100.0,,3.4032258103015085,2.316979083092618,6.713191146526565,3.890147104731146,521.4,,512.4978378171883,42.42779571188759,109.3655245247756,28.88285244382699,75.72503841344408,16.59540529723763,,,43.08649014973134,12.297147298723385,3.9669812186,2.8940172253719996,16.110785818,11.268900349252,37.865450729,12.384767695859999,39.717986423,11.7186137768,29.236396243,11.808351774883999,74.511851647,20.946433601240003,7.0,
Community area,West Lawn,65,33543,-87.72692700,41.76977400,42.171405516,10.498049553152,21.464533633,9.233991380515999,10.55361774,,69578.52804161936,12862.531593009864,26884.85981972279,3246.510784763915,94.94391339800092,,49.664161868,10.697228347791999,,,,,,,,,96.61919641,7.0883301412,33.88448222327204,4.230366249271929,31827.033515462826,,12.86639567,5.53256859876,6.748823264148904,,4.091806248489948,,100.0,,1.8837960308128099,1.4335870005828972,5.421031334299184,4.011693125652706,450.6,,408.528335116733,36.134144743799574,109.92342298340122,27.828203356368366,44.69863960412271,12.420709466470193,11.05253411151191,8.431884880205468,37.72258478964653,10.999676805289544,,,23.409774705,9.453210973864,33.917857398,9.63426880528,44.867164885,10.78173575836,21.628986224,8.891288288372,86.511367294,12.71106443964,3.0,
Community area,Chicago Lawn,66,55789,-87.69566700,41.77184900,54.895006836,10.272879274952,32.523991541,10.920403469667999,7.833085375,,54010.640858633924,10628.350907219654,24539.727552751676,4232.492075779202,70.55580362260083,,45.233264216,10.615548843256,17.143361421,7.663047700419999,3.9670404901,3.642748766048,3600.0,2017.35772224,1400.0,1274.8199363452,82.67841033,17.73856136164,28.066793309903666,3.562525557713664,54300.34535975418,,28.22189546,9.22963961584,5.479810949025716,,3.1653550291677695,,100.0,,4.693776423432775,2.600376641371858,12.23326514349461,5.32698605818495,695.7,,445.00998584419193,29.939577980631075,144.08876655505108,25.63047332841367,55.60853151510129,11.078608650496658,9.229185014,5.636531035292371,47.15413849667162,9.862787922364015,8.4465283899,5.686351064687999,18.973563692,7.5592689857719995,37.379556665,9.958100806136,50.835616908,10.651273968076,35.388363084,10.438665332816,72.915496266,12.6099864625,38.0,
Community area,West Englewood,67,29899,-87.66659800,41.77592600,45.528082352,10.539931372347999,24.32357322,10.210646860624,6.923308472,,41909.08573887645,9148.50919493057,20909.506297634216,2284.3853111723993,72.08,,38.266268128,10.659823659968,12.964218006,5.811858056704,6.8987093545,5.294192807232,,,1600.0,1307.565094374,90.67603794,14.72274641348,12.220103870719742,3.448718654902373,28311.705697493984,,42.39682994,10.662605835279999,4.921499676055347,,2.7618860108120424,,99.99999999999999,,5.9843040807177035,2.4008271423944527,10.70331541664089,4.079210774619724,1202.3,,603.4251588546815,42.61560580373259,175.83874833878795,34.136601144898115,103.12583770565126,17.661447247407686,12.161057047718138,7.971405644511129,71.06041306245646,14.627749512885618,15.414360161,8.105280386952,22.405431084,8.667309229768,38.666743404,10.25034693914,47.737702919,10.729241703012,37.492525458,10.334586082156,87.510892661,7.5650321323359995,58.0,
Community area,Englewood,68,24322,-87.64250200,41.77720100,42.551080651,12.783112079836,34.348030944,12.921596057999999,6.208371022,,32084.861861296926,7124.513152553624,19894.69956614879,2541.6469281068344,72.08,,39.158396179,12.017503543248,18.665770826,8.889183750524001,,,1800.0,1011.9628632680001,,,95.89469944,7.894974487680001,5.465414817753982,2.9034498371396786,23160.939521480697,,35.90155995,12.28375764056,3.6439856738637895,,2.4521676329214133,,100.0,,8.737745212918997,3.773827839060521,12.68793612536327,5.725514291786093,1372.7,,619.4248640052823,47.89829197238146,178.76894152220626,37.97395192698141,111.07164715906436,20.441266130113448,21.192815,11.595997524588052,65.97086553712778,15.634639770564181,21.998528191,11.071318958924001,21.350990865,10.414377629824001,37.103099434,11.90637192878,37.721238026,12.005000555268001,38.253985506,12.706356082952,94.011954412,7.0599034824919995,37.0,
Community area,Greater Grand Crossing,69,31543,-87.61613900,41.76325100,40.606585359,12.563445959875999,28.587716123,13.1707367442,11.60320832,,42358.17755582547,9375.660133664875,25901.132920584096,3261.5782753156172,72.08,,55.608954315,12.963426866824,14.768793565,8.64243191644,5.9204343273,4.8419383696319995,2800.0,2030.0026191199997,1100.0,920.5798057456001,93.12376412,13.16483823396,3.713184521839036,2.643053067629539,29219.18400720307,,26.56944813,10.28108007332,3.597808619753673,,1.6706269902352318,,100.0,,6.057180268146522,2.684502668043662,15.035707693317736,4.934233456860001,1207.8,,577.8134734523894,39.57144889703179,217.1513622023255,36.58822830030246,91.67651018,15.74960106510524,12.956816862471872,7.666625061293243,50.577714525508426,11.712695480086772,22.432928732,10.946824957628,18.911142758,10.461266944044,37.501428271,11.973306249632,46.850848479,12.829527349044,25.301250735,10.220547100708,82.432693678,12.969829335008,30.0,
Community area,Lincoln Park,7,70425,-87.64949100,41.92269600,8.6930472916,6.20091104598,10.072480995,6.445519152996,15.96024139,,156895.9240216817,16326.595393933178,113985.32940853918,7519.230958313415,70.90595266640585,,70.488747027,9.114498640464001,,,9.7041631482,6.552463507155999,,,5100.0,3674.7118741199997,,,2.8371699461772977,1.2467207626957193,67920.59157719537,,23.09837539,9.087491895720001,6.2997644286968555,,0.7234564223629012,,100.0,,1.469367975735635,0.7761014083786153,0.819834134657843,0.5774774979285019,214.0,,517.4743817728304,29.57875688762869,182.7737345200348,25.210254658953453,59.11503528256433,10.269916915899623,7.171332026558852,4.792069583977968,33.06481683297994,7.454168148629646,8.8124248579,5.2651398350320004,3.415143839,2.8007974854440003,20.215178765,7.349952009988,25.050156153,8.763563158672,28.524189382,8.856113200508,59.713905179,15.067205827128,5.0,
Community area,Ashburn,70,41280,-87.70836300,41.74575600,31.198405581,9.513454260436,31.346878751,11.464525957892,8.624031008,,83932.28062293658,12906.366026242578,30948.45365248387,3350.2523820197216,71.58046545416033,,58.266448295,9.911255119164,7.394194015,5.354002220364,,,,,,,,,14.90075745217395,2.5153593709838864,42179.86179958407,,21.4923356,8.197321437760001,4.835794257429343,,2.457429297470509,,99.99999999999999,,4.9563213765022205,2.7261963780379057,7.307255463945808,3.119202888322989,750.9,,541.4998463146068,33.72898962675976,196.2555328436548,29.371781904244997,69.73829509780472,12.243181503201708,9.995439628009589,6.247211791611967,45.44513376864072,9.83227705068,9.3605202292,4.704559589212,14.923888452,6.783863935436,39.442682204,9.497152995903999,51.36309709,10.281734715084,23.791825394,9.442181661080001,93.423644395,7.488627655767999,4.0,
Community area,Auburn Gresham,71,44959,-87.65630500,41.74420300,27.17899957,10.391640763112,30.985227743,12.187025646683999,8.296447875,,48296.85167320638,7531.805137376738,25602.36310697248,2133.098326277289,72.08,,57.21575382,12.603378920104001,21.036210072,10.000855166372,6.5142654762,5.628271046971999,5000.0,2564.38106848,2400.0,2141.784902432,95.03859663,8.076577930960001,2.6168964322501833,1.6975487707752375,43860.69938776773,,33.06080348,11.651608348519998,3.2237253815196625,,1.6004647752322838,,100.0,,5.179067034257575,2.3351176926274535,13.05972487004798,3.8397003515091157,1132.4,,611.9080909402641,31.921300501895992,201.52917698669023,27.529302415762242,96.96807144443072,12.6981140846,13.038659523936328,6.2081388107462665,67.49700591918817,10.579821757549967,13.465730817,7.297097676848,19.402436012,9.584940403751999,45.853974578,12.60725735752,45.10353378,12.337961518568,29.554873007,10.829958851796,89.054151098,8.616976051096,31.0,
Community area,Beverly,72,19950,-87.67507200,41.71314800,20.977655626,11.599836028479999,29.522547075,15.20871508548,13.53383459,,130925.63311270237,18436.9874808801,62627.97754281978,7190.738259653343,72.07789365520958,,54.969945521,13.574885234232,4.8139008744,4.35114046304,,,,,,,,,0.18471852892380283,1.7029099441604907,19553.60888487051,,24.27378416,12.06966798128,3.4023873157596904,,0.8565528013086676,,100.0,,3.466894289769627,2.1277761543635765,3.2161773549507133,2.2332691407323253,456.9,,576.9345273182057,45.22287691330594,226.95189377608736,40.95579932911428,57.37002361576258,14.070404131020005,,,40.20167588879353,11.915606548504648,11.741346776,9.29890202626,7.5354731027,5.825840170444001,36.933018042,12.893626466392,32.994189477,13.127319129372,18.55844934,9.58163094434,57.652527228,23.29920511212,3.0,
Community area,Washington Heights,73,25075,-87.64889700,41.71749500,49.555228949,14.444133585756001,29.786401471,17.521047438495998,8.095712861,,64755.74300878484,12053.655752566225,31934.63992491614,5178.356273536316,72.08,,46.13192936,14.584518684932,18.49024951,14.327498725428,7.5374046439,7.019907933192,2800.0,2466.15152504,1600.0,1575.7900050844,90.36134066,15.359016777999999,3.3763823648714775,4.160304009196156,24755.82899535278,,35.45613917,14.4043972492,3.4046496962873096,,1.1051893006363949,,100.0,,5.98216213426716,3.752225993592942,11.263734913669342,5.447433076802035,929.7,,633.5080024054932,42.249004851962596,211.95968250647937,37.16466622248445,99.90458793195592,16.674036458797048,10.306056477970188,7.203364083166421,61.614800035446486,13.213216551049005,16.2313442,10.357612370307999,13.71989202,8.676755426640002,42.790210572,14.6157347343,46.916430176,14.381782438548,33.557345042,13.513616170879999,76.839135187,26.58980109408,14.0,
Community area,Mount Greenwood,74,18633,-87.71318900,41.69487600,33.287876663,12.425158545996,13.838615043,9.555762324752,8.211238126,,112562.28427843579,15578.141738540771,51877.16279038208,4321.062303225349,46.966827916588024,,79.950588625,9.05697134608,8.1662452925,6.609527377572,,,,,,,86.81475213,19.5838121248,0.9765909591441273,1.7222835148737816,19064.084350424167,,30.23348309,12.639017905080001,3.524180599567973,,0.8765935427499734,,100.0,,1.057461698890005,1.2424610201467758,5.26072694769748,3.7706749913103472,477.5,,629.1816995162444,53.92654557167081,142.02988891193814,36.911519383878826,106.9947369914168,22.72456916440944,,,50.98214960074873,15.357626755510713,14.733936134,9.501097333812,12.127831667,7.600237447908,49.918267754,12.911032675436,37.181379584,12.7520439452,16.888834137,9.672074092995999,72.487663429,18.419919082824,5.0,
Community area,Morgan Park,75,21714,-87.66906200,41.68972900,39.131251143,15.608072132659998,,,9.717233122,,72941.34692784907,15392.507667450427,39279.87486535832,4406.588737650681,71.26325506653426,,57.792060644,15.700389367656,12.677242165,9.594861544688,,,,,,,69.94204054,38.379826612399995,0.9428564633823164,1.804914711061357,21410.012942294346,,25.86707319,13.710354253959999,3.82244346871963,,0.9634979459933166,,100.00000000000001,,3.6541984281320707,2.4022826966694923,7.925466699073037,3.5848254530902843,633.4,,580.2542232526205,43.389377651349186,187.6591927229842,36.429751601599996,90.66365622,16.776018980006274,14.424868519212255,9.540212988612332,54.96833883891057,13.18404895444,9.0318460607,6.409153019976,16.800136731,12.556679111032,45.979713093,15.365826312508,46.452187374,15.624204258012,41.907670292,15.807633602600001,89.533476683,9.026396382724,2.0,
Community area,O'Hare,76,14416,-87.89369900,41.97569600,18.81995256,10.613513734684,35.291189056,19.566012896752,28.64872364,,81993.49818106442,17053.27206638639,48126.86789326415,11607.07487142392,95.76893539719306,,54.815552253,15.224567578808,8.7553130166,7.21063228018,,,900.0,1108.994348476,,,64.90205702,35.818436794,30.162291842275945,6.669172485431959,15286.605098509346,,16.98182391,10.72794213148,9.88214130725307,,1.9523126744447001,,61.35676164829455,,1.6507020616194494,1.5693229624375462,3.354344069444741,2.8811300995831037,327.4,,462.0658981391936,51.68319265869278,86.36498063868649,31.72762644166503,51.79227304,17.51325343337987,,,45.64740083914928,16.429471106752526,,,4.7660333837,4.4985741790919995,21.933873358,10.7211932184,32.327786112,15.653267440832,23.520620493,11.286403982644,64.827298039,20.84028051476,4.0,
Community area,Edgewater,77,56308,-87.66341900,41.98671900,20.622394141,7.496846726628,16.100831028,7.504853480487999,11.20622292,,75774.40968629313,5915.308160808207,55837.42127581661,4265.835506203743,72.08,,62.547532826,8.920597833588,10.168982212,5.646523990716,8.7832078845,5.759335328123999,2600.0,1860.94846294,4700.0,3277.855609364,73.12774742,16.5117481774,12.452153350341298,3.726622358487253,56573.000668948356,,26.96280234,8.072541771560001,3.2795588516955685,,0.2941499979508228,,100.0,,2.925076330289906,1.0440187802546235,1.7503139882822893,0.8693234488249622,229.0,,466.8671221087839,25.955700305056723,134.59735854377425,19.385958667300933,55.20933504752711,9.074389188228944,8.183623729,4.900939479834593,43.40491413109232,7.8669564946936585,8.4760934699,5.233193230748,13.649501703,6.088472547024001,29.80974067,8.053715025468,31.210377675,8.633180395196,40.796290295,9.056698832972,63.296500153,10.800046654992,20.0,
Community area,Near North Side,8,97789,-87.63331800,41.89961100,14.298524716,3.5500420024159998,12.145506939,4.064133519012,28.8985021,,125101.3268858388,11400.091769127925,121937.77964132602,8511.639782277412,70.95557593421078,,62.281648113,4.987680640964,2.2738683534,1.437410145864,4.8046145277,2.0682042588200003,,,4300.0,1875.2143724692,63.08173155,28.598196222400002,4.2976805296149605,1.5934753115200946,99292.48607212082,,15.63861319,3.60067704304,10.263094193789739,,1.9519992568603763,,100.0,,1.719467607358365,1.1113440835829291,1.2112091373724019,0.8288111995671931,293.4,,554.6160377374371,22.25240553283362,172.60064042990786,18.186676406378158,53.798515433674254,6.84570747616,6.454053880426312,3.19172161726891,35.11120794377653,5.57503783577907,5.8118584924,2.225264085828,3.8574535548,1.797787879244,22.684348187,4.0204190710039995,12.525588374,3.2093712636719998,31.159412802,4.682772354848,66.935375723,6.861710423792,26.0,
Community area,Edison Park,9,11521,-87.81378000,42.00762700,21.841567985,12.223008561092,16.225865033,10.430826745584,12.32531898,,130127.73198417123,27476.519947767443,66794.56325674786,11010.130949479028,69.59176789296167,,63.899925724,14.037330274744,9.7194323811,8.874807054092,,,,,,,,,5.40468967015301,3.222545909889606,11554.191910863192,,32.25378176,13.87884621256,5.118646979892601,,0.8743613406451011,,100.0,,0.76959958327086,1.5270054702151759,1.5454434195468842,2.217800828837017,374.1,,613.5260410624036,63.551176319547174,131.38550593127806,41.898702545674915,59.61403274766745,19.783729044508522,17.04120332116005,14.977676255151158,41.757171164275015,16.414568592437487,9.1063832255,8.77092706056,11.858101951,8.915342279396,37.894593075,13.817338096436,23.161109521,10.887221402316001,25.615267392,12.814567308004,66.482755537,19.93204440948,1.0,
