k,prompt
2,"Start at Navy Pier, visit a local aquarium, and grab a bite at a seafood restaurant"
2,"Start at The Drake Hotel, spend some time at a beach, and enjoy dinner at a Steakhouse"
2,"Start at Millennium Park, explore an art gallery, and finish with drinks at a pub"
2,"Start at Willis Tower, check out a nearby plaza, and grab lunch at a Sandwich Shop"
2,"Start at Lincoln Park Zoo, walk through a beautiful garden, and dine at a Japanese Restaurant"
2,"Start at Chicago Union Station, visit a historical landmark, and catch a show at a theatre"
2,"Start at The Langham Chicago, grab a coffee at a cafe, and do some shopping at a mall"
2,"Start at the Field Museum, check out the planetarium, and eat at a fast_food place"
2,"Start at Palmer House Hilton, try your luck at a casino, and end at a Restaurant & Bar"
2,"Start at Cloud Gate, visit a historical museum, and get dessert at an ice_cream shop"
2,"Start at the Art Institute of Chicago, view some public artwork, and visit a library"
2,"Start at The Blackstone Hotel, go to a Fitness Center, and relax at a wellness center"
2,"Start at Wrigley Field, grab a beer at a biergarten, and browse an electronics store"
2,"Start at Museum of Science and Industry, visit an aquarium, and walk along the beach"
2,"Start at Chicago Riverwalk, shop for clothes, and finish the day at a Movie Theater"
2,"Start at Soldier Field, visit a nearby Sports Complex, and grab a quick bite at a fast_food joint"
2,"Start at United Center, grab some beverages, and have a meal at a Chinese Restaurant"
2,"Start at Garfield Park Conservatory, relax in a park, and visit a health_food store"
2,"Start at Shedd Aquarium, take a boat from a ferry_terminal, and grab a drink at a bar"
2,"Start at The Peninsula Chicago, visit a high-end perfumery, and stop by a beauty salon"
2,"Start at Maggie Daley Park, rent a bicycle, and browse a books store"
2,"Start at John Hancock Center, get some cash from an atm, and visit a department_store"
2,"Start at Water Tower Place, shop for a musical_instrument, and eat at a restaurant"
2,"Start at Grant Park, view a historic place_of_worship, and visit an arts_centre"
2,"Start at Lincoln Square, get a haircut at a hairdresser, and grab a pastry at a bakery"
2,"Start at Wicker Park, visit a local dojo, and shop for fashion_accessories"
2,"Start at Logan Square, visit a local pharmacy, and pick up some dry_food"
2,"Start at The Rookery Building, visit a courthouse, and browse an antiques store"
2,"Start at Tribune Tower, visit an information desk, and grab a quick coffee at an internet_cafe"
2,"Start at Buckingham Fountain, enjoy a nearby garden, and check out a cinema"
4,"Start at the Art Institute of Chicago, grab a quick coffee at a cafe, browse a books store, relax in a park, and end with dinner at a Chinese Restaurant"
4,"Start at Navy Pier, race at Go-Karts, grab lunch at a fast_food joint, visit an Amusement Park, and relax at a beach"
4,"Start at The Blackstone Hotel, go to a Fitness Center, grab a healthy meal at a health_food store, visit a wellness center, and end at a nearby cafe"
4,"Start at Wrigley Field, grab a beer at a biergarten, browse an electronics store, enjoy a garden walk, and end at a Restaurant & Bar"
4,"Start at the Museum of Science and Industry, visit an aquarium, check out a local university campus, get a snack at a bakery, and walk along the beach"
4,"Start at the Chicago Riverwalk, view some public artwork, visit a library, shop for clothes, and finish the day at a Movie Theater"
4,"Start at the Garfield Park Conservatory, visit a local dojo, grab tea at a cafe, explore a forest area, and have dinner at a Steakhouse"
4,"Start at the Shedd Aquarium, walk to the planetarium, get lunch at a Sandwich Shop, visit a landmark, and end at a pub"
4,"Start at The Peninsula Chicago, visit a high-end mall, get a haircut at a hairdresser, shop for fashion_accessories, and have dinner at a seafood restaurant"
4,"Start at Maggie Daley Park, rent a bicycle, visit a gallery, check out a local plaza, and grab a pastry at a bakery"
4,"Start at The Drake Hotel, visit a historic courthouse, stop by a post_office, shop for a musical_instrument, and eat at a Japanese Restaurant"
4,"Start at Willis Tower, get money at an atm, buy a gift at a stationery store, relax in a park, and end with drinks at a bar"
4,"Start at Lincoln Park Zoo, check out the nearby animal_boarding, grab some beverages, visit a public_bookcase, and go to an entertainment venue"
4,"Start at Palmer House Hilton, buy some cosmetics at a perfumery, get a coffee at an internet_cafe, shop at a department_store, and eat at a restaurant"
4,"Start at Cloud Gate, visit an arts_centre, go scuba_diving, take a ferry from a ferry_terminal, and grab a quick meal at a fast_food place"
4,"Start at Soldier Field, pick up supplies at a convenience store, visit a nearby Gym, grab some groceries from a supermarket, and catch a film at a cinema"
4,"Start at United Center, visit a Boxing Gym, buy some nutrition_supplements, relax at a public_bath, and eat at a Steakhouse"
4,"Start at John Hancock Center, browse an art gallery, buy a watch at a clock store, shop for houseware, and have a drink at a pub"
4,"Start at Water Tower Place, visit a beauty salon, pick up some tea, explore a nearby plaza, and check out a local theatre"
4,"Start at Grant Park, find a public_bookcase, take photos with a camera, grab a sweet treat at an ice_cream shop, and dine at a Restaurant & Bar"
4,"Start at Lincoln Square, check out a language_school, visit a music_school, buy a musical_instrument, and grab a meal at a Japanese Restaurant"
4,"Start at Wicker Park, browse an antiques shop, buy some alcohol, shop for clothes, and relax in a garden"
4,"Start at Logan Square, stop at a bicycle_repair_station, rent a bicycle, ride through a forest, and end at a cafe"
4,"Start at The Rookery Building, visit a financial advisor, grab lunch at a Sandwich Shop, check out a townhall, and visit a library"
4,"Start at Tribune Tower, see a historical landmark, visit a museum, buy some fashion_accessories, and end at a biergarten"
4,"Start at Buckingham Fountain, visit a nearby aquarium, check out a planetarium, grab a snack at a kiosk, and dine at a seafood restaurant"
4,"Start at Field Museum, take a taxi, visit a local university, grab some educational_supply, and end at a pub"
4,"Start at Chicago Union Station, drop a bag at storage_rental, buy a ticket, grab some beverages, and sit in a plaza"
4,"Start at The Langham Chicago, visit a Personal Trainer, go to a Yoga Studio, grab a health_food snack, and relax at a wellness center"
4,"Start at Symphony Center, visit a theatre, buy some stationery, get a coffee at a cafe, and end at a fine restaurant"
6,"Start at the Palmer House Hilton, grab breakfast at a bakery, visit a historical museum, walk through a plaza, shop for clothes, stop at a cafe, and end the night at a casino"
6,"Start at the Field Museum, visit an aquarium, check out a planetarium, grab lunch at a Sandwich Shop, visit a library, browse a books store, and have dinner at a Steakhouse"
6,"Start at The Langham Chicago, work out at a Gym, relax at a public_bath, get a fresh look at a beauty salon, shop at a mall, eat at a Chinese Restaurant, and catch a film at a cinema"
6,"Start at Navy Pier, rent a bicycle, visit a local theme_park, get a quick bite at a fast_food stand, shop for electronics, grab an ice_cream, and enjoy the evening at a pub"
6,"Start at Chicago Union Station, visit a local townhall, get coffee at a cafe, buy some fashion_accessories, relax in a garden, dine at a Japanese Restaurant, and end at a bar"
6,"Start at Millennium Park, explore an art gallery, visit a historic place_of_worship, walk through a forest, grab a drink at a biergarten, check out a Sports Complex, and eat at a Restaurant & Bar"
6,"Start at The Drake Hotel, rent a motorcycle, visit a nearby beach, grab some seafood, browse an antiques store, stop at a pharmacy, and finish with a movie at a Movie Theater"
6,"Start at Willis Tower, take some photos with a camera, visit a courthouse, get some cash from a bank, browse a garden_centre, grab a tea, and eat at a supermarket deli"
6,"Start at Lincoln Park Zoo, see the animals, visit a kindergarten, get a snack at a convenience store, play some games at a gambling hall, visit a psychic, and end with a meal at a fast_food spot"
6,"Start at the Museum of Science and Industry, visit a nearby college, get some educational_supply, grab a coffee at an internet_cafe, browse a music_school, check out a musical_instrument store, and have a nice dinner at a Steakhouse"
6,"Start at the Chicago Riverwalk, visit a landmark, check out some artwork, shop at a bicycle store, repair a flat at a bicycle_repair_station, grab a quick bite at a bakery, and relax at a plaza"
6,"Start at Garfield Park Conservatory, explore the garden, visit a health_food store, check out a Yoga Studio, grab a healthy drink at a cafe, visit a wellness clinic, and relax at a public_bath"
6,"Start at the Shedd Aquarium, grab some dry_food for a snack, visit a local ferry_terminal, buy a ticket, take a boat ride, grab some beverages, and end the day at a seafood restaurant"
6,"Start at The Peninsula Chicago, buy some leather goods, shop for clothes, shop for fashion_accessories, visit a perfumery, grab a coffee at a cafe, and dine at a restaurant"
6,"Start at Maggie Daley Park, rent a chalet, visit a nearby park, grab some groceries at a supermarket, stop by a post_office, get a haircut at a hairdresser, and finish with a meal at a pub"
6,"Start at Soldier Field, visit a military_surplus store, grab a fast_food lunch, check out a local museum, relax in a garden, visit a library, and enjoy dinner at a Restaurant & Bar"
6,"Start at United Center, drop your pet at an animal_boarding, grab a drink at a bar, buy a ticket, watch an entertainment show, get some beverages, and end at a pub"
6,"Start at John Hancock Center, take a taxi, visit an arts_centre, view some public artwork, stop at a charging_station, buy some books, and dine at a Chinese Restaurant"
6,"Start at Water Tower Place, browse a department_store, buy some houseware, check out a local furniture shop, grab an ice_cream, stop by an atm, and finish at a cinema"
6,"Start at Grant Park, visit a local police station, drop mail at a post_office, buy some cosmetics at a perfumery, grab a tea, browse a gallery, and eat at a Steakhouse"
6,"Start at Lincoln Square, take a class at a language_school, visit a prep_school, grab a snack at a bakery, buy some stationery, visit a public_bookcase, and relax at a cafe"
6,"Start at Wicker Park, visit a Crossfit Gym, buy nutrition_supplements, go to a public_bath, stop by a dry_cleaning service, grab some beverages, and eat at a Sandwich Shop"
6,"Start at Logan Square, visit a local veterinary, grab a coffee at an internet_cafe, buy some hardware at a trade store, visit a garden_centre, relax at a plaza, and dine at a Japanese Restaurant"
6,"Start at The Rookery Building, visit a financial institution, stop by a courthouse, get some money_transfer services done, grab a quick fast_food meal, visit a landmark, and end at a pub"
6,"Start at Tribune Tower, check out a clock display, visit a nearby university, explore a museum, buy a souvenir at a gift shop (stationery), grab a coffee at a cafe, and have dinner at a seafood place"
6,"Start at Buckingham Fountain, enjoy the park, rent a bicycle, check out an outdoor artwork, stop for ice_cream, ride to a beach, and finish with drinks at a biergarten"
6,"Start at Symphony Center, buy a ticket, browse a musical_instrument shop, visit a music_school, grab a tea, browse an antiques store, and end at a Restaurant & Bar"
6,"Start at Chicago Board of Trade, visit a bank, grab a quick bite at a bakery, visit a local library, check out a gallery, buy some fashion_accessories, and have a meal at a Steakhouse"
6,"Start at The Drake Hotel, go scuba_diving, visit a ferry_terminal, rent a boat (rental), grab some seafood, stop by a pharmacy, and finish the night at a casino"
6,"Start at Cloud Gate, take a photo with a camera, buy some clothes, visit an art gallery, grab lunch at a Sandwich Shop, relax in a plaza, and catch a show at a theatre"